stem,z_m,m_chi_GeV,combiner,SIC_1e-02_mean,SIC_1e-02_std,SIC_2e-03_mean,SIC_2e-03_std,SIC_1e-03_mean,SIC_1e-03_std,SIC_5e-04_mean,SIC_5e-04_std,SIC_2e-04_mean,SIC_2e-04_std,SIC_1e-04_mean,SIC_1e-04_std
eval_signal_neg_91_low,0.33,0.005,minp,0.0238,0.0192,0.0128,0.0064,0.0133,0.006,0.0085,0.0035,0.0106,0.0047,0.0093,0.0132
eval_signal_neg_91_low,0.33,0.005,AM,0.0021,0.0008,0.0013,0.0006,0.0011,0.0005,0.001,0.0009,0.0007,0.001,0.001,0.0014
eval_signal_neg_91_low,0.33,0.005,GM,0.0064,0.0004,0.0064,0.0011,0.0055,0.002,0.0051,0.0018,0.0021,0.0025,0.0023,0.0033
eval_signal_neg_91_low,0.33,0.005,HM,0.0149,0.0089,0.0126,0.0046,0.0112,0.0028,0.0094,0.0035,0.0078,0.0,0.0073,0.0052
eval_signal_neg_91_low,0.33,0.005,Cauchy,0.0011,0.0,0.0025,0.0,0.0035,0.0,0.0049,0.0,0.0078,0.0,0.011,0.0
eval_signal_neg_91_low,0.33,0.005,evalue,0.012,0.0061,0.0101,0.0019,0.0096,0.0029,0.0067,0.0004,0.0087,0.0013,0.0073,0.0052
eval_signal_neg_91_low,0.33,0.005,nested,0.0241,0.0232,0.0134,0.0063,0.0141,0.007,0.0003,0.0004,0.0,0.0,0.0,0.0
eval_signal_neg_58_low,0.66,0.005,minp,0.0228,0.0177,0.0131,0.0068,0.0133,0.0068,0.0084,0.0038,0.0099,0.006,0.0083,0.0118
eval_signal_neg_58_low,0.66,0.005,AM,0.0013,0.0007,0.0004,0.0005,0.0004,0.0004,0.0003,0.0002,0.0002,0.0003,0.0,0.0
eval_signal_neg_58_low,0.66,0.005,GM,0.0051,0.0004,0.0053,0.0004,0.0038,0.0012,0.0031,0.0016,0.0016,0.0023,0.0023,0.0033
eval_signal_neg_58_low,0.66,0.005,HM,0.014,0.0087,0.0122,0.0055,0.0109,0.0026,0.0089,0.0038,0.0057,0.0,0.007,0.0014
eval_signal_neg_58_low,0.66,0.005,Cauchy,0.0003,0.0,0.0007,0.0,0.0009,0.0,0.0013,0.0,0.0021,0.0,0.003,0.0
eval_signal_neg_58_low,0.66,0.005,evalue,0.0107,0.0061,0.0093,0.0023,0.0089,0.0029,0.0057,0.0011,0.0059,0.0003,0.007,0.0014
eval_signal_neg_58_low,0.66,0.005,nested,0.023,0.0218,0.0134,0.0066,0.0139,0.0076,0.0028,0.0009,0.0012,0.0017,0.0,0.0
eval_signal_neg_24_low,1.0,0.005,minp,0.0244,0.0171,0.0145,0.0061,0.0133,0.0061,0.0094,0.0024,0.0129,0.0039,0.0087,0.0123
eval_signal_neg_24_low,1.0,0.005,AM,0.0025,0.0012,0.0013,0.0015,0.0013,0.0018,0.0006,0.0008,0.0005,0.0007,0.0003,0.0005
eval_signal_neg_24_low,1.0,0.005,GM,0.008,0.0005,0.0086,0.0003,0.0071,0.0019,0.0061,0.0037,0.0033,0.0047,0.0033,0.0047
eval_signal_neg_24_low,1.0,0.005,HM,0.0165,0.0087,0.0142,0.0046,0.013,0.0015,0.0101,0.003,0.0113,0.0,0.012,0.0057
eval_signal_neg_24_low,1.0,0.005,Cauchy,0.0012,0.0,0.0027,0.0,0.0038,0.0,0.0054,0.0,0.0085,0.0,0.012,0.0
eval_signal_neg_24_low,1.0,0.005,evalue,0.0138,0.0063,0.0116,0.0012,0.0124,0.0017,0.0086,0.0006,0.0115,0.0003,0.012,0.0057
eval_signal_neg_24_low,1.0,0.005,nested,0.0242,0.021,0.015,0.0061,0.0148,0.0076,0.0022,0.0001,0.0012,0.0012,0.0002,0.0003
eval_signal_neg_20_low,1.04,0.005,minp,0.0823,0.0072,0.044,0.0083,0.0205,0.007,0.011,0.005,0.0079,0.0019,0.0017,0.0024
eval_signal_neg_20_low,1.04,0.005,AM,0.0145,0.0196,0.0011,0.0016,0.0011,0.0015,0.0,0.0,0.0,0.0,0.0,0.0
eval_signal_neg_20_low,1.04,0.005,GM,0.1118,0.0169,0.0443,0.0205,0.0183,0.0175,0.007,0.0083,0.0047,0.0067,0.0057,0.008
eval_signal_neg_20_low,1.04,0.005,HM,0.1014,0.0067,0.0558,0.0052,0.0331,0.0042,0.0134,0.0016,0.009,0.0023,0.011,0.0024
eval_signal_neg_20_low,1.04,0.005,Cauchy,0.0,0.0,0.0,0.0,0.0,0.0,0.0,0.0,0.0,0.0,0.0,0.0
eval_signal_neg_20_low,1.04,0.005,evalue,0.1105,0.0106,0.0616,0.0116,0.0358,0.0056,0.0157,0.0033,0.0127,0.0075,0.0113,0.0029
eval_signal_neg_20_low,1.04,0.005,nested,0.0782,0.0076,0.0456,0.0078,0.0284,0.0052,0.0059,0.0009,0.0021,0.003,0.0,0.0
eval_signal_neg_16_low,1.08,0.005,minp,2.1649,0.2638,0.8675,0.1747,0.2605,0.0951,0.0854,0.037,0.0365,0.0086,0.0113,0.016
eval_signal_neg_16_low,1.08,0.005,AM,0.0659,0.043,0.0107,0.0012,0.0131,0.0012,0.0131,0.0093,0.0193,0.0138,0.027,0.0192
eval_signal_neg_16_low,1.08,0.005,GM,3.0045,0.2161,0.8639,0.3208,0.2521,0.2197,0.1035,0.0386,0.0559,0.0189,0.0657,0.0164
eval_signal_neg_16_low,1.08,0.005,HM,2.7403,0.1779,1.1829,0.1667,0.5365,0.0272,0.0869,0.0081,0.0318,0.0072,0.0317,0.0156
eval_signal_neg_16_low,1.08,0.005,Cauchy,0.0037,0.001,0.0083,0.0022,0.0106,0.0046,0.014,0.008,0.0207,0.0147,0.0293,0.0207
eval_signal_neg_16_low,1.08,0.005,evalue,3.0331,0.2512,1.3081,0.2209,0.579,0.0772,0.1304,0.0418,0.0794,0.0485,0.0467,0.0075
eval_signal_neg_16_low,1.08,0.005,nested,2.0569,0.2748,0.896,0.1744,0.4006,0.1273,0.0127,0.0018,0.0059,0.0074,0.0005,0.0007
eval_signal_neg_8_low,1.16,0.005,minp,3.3285,0.8643,5.252,2.0075,6.9553,2.9458,5.6383,2.1813,3.2527,2.4784,0.003,0.0042
eval_signal_neg_8_low,1.16,0.005,AM,2.448,1.2079,2.0263,0.2321,2.6032,0.6994,2.9452,2.0304,3.9645,2.8911,5.434,3.9673
eval_signal_neg_8_low,1.16,0.005,GM,3.5944,1.3099,5.2424,2.4972,5.8033,2.8374,6.2901,3.0525,6.0104,3.0828,7.779,3.9602
eval_signal_neg_8_low,1.16,0.005,HM,3.6065,0.7361,5.5554,2.0422,6.7338,2.4539,3.3499,2.3421,1.4067,1.9249,0.0423,0.0095
eval_signal_neg_8_low,1.16,0.005,Cauchy,0.8947,0.1201,1.9961,0.2749,2.4658,0.8937,3.156,1.732,4.6466,3.2237,6.524,4.5595
eval_signal_neg_8_low,1.16,0.005,evalue,3.7184,0.7943,5.5171,2.0101,6.4435,2.935,4.0913,2.4282,3.3507,2.4345,2.8957,2.0194
eval_signal_neg_8_low,1.16,0.005,nested,3.2745,0.9153,5.3326,2.0213,6.8855,3.0023,0.0435,0.0199,0.0085,0.0076,0.0024,0.0033
eval_signal_zero_low,1.24,0.005,minp,6.9583,1.3156,14.4589,2.8879,20.7189,4.3659,16.4718,11.3382,10.42,13.1012,0.0013,0.0019
eval_signal_zero_low,1.24,0.005,AM,6.8372,1.6528,8.4149,2.5906,10.666,5.4086,13.6882,9.623,14.6484,12.0313,18.869,15.3069
eval_signal_zero_low,1.24,0.005,GM,7.0644,1.556,13.8135,4.9839,14.8432,6.9444,17.3726,9.7619,22.8933,14.4138,28.7987,18.4777
eval_signal_zero_low,1.24,0.005,HM,7.0486,1.2995,14.9477,3.1207,20.4833,4.1121,13.4452,9.5891,10.3796,14.6485,0.0307,0.01
eval_signal_zero_low,1.24,0.005,Cauchy,3.6521,1.3157,8.1183,3.0102,10.4744,5.6747,14.41,8.5899,21.7119,15.0752,30.2357,21.2146
eval_signal_zero_low,1.24,0.005,evalue,7.1001,1.3518,14.8581,3.0523,16.88,7.1861,13.8642,9.2516,11.2124,14.5294,5.092,5.8064
eval_signal_zero_low,1.24,0.005,nested,6.9436,1.3119,14.6343,3.2194,20.2275,4.3586,1.5329,1.124,0.008,0.0057,0.004,0.0057
eval_signal_neg_91_0.05GeV,0.33,0.05,minp,0.0239,0.0188,0.0118,0.0051,0.0124,0.0057,0.009,0.0035,0.0116,0.0048,0.0087,0.0123
eval_signal_neg_91_0.05GeV,0.33,0.05,AM,0.0021,0.001,0.0009,0.0007,0.0009,0.0009,0.0009,0.001,0.0005,0.0007,0.0003,0.0005
eval_signal_neg_91_0.05GeV,0.33,0.05,GM,0.0062,0.0005,0.0056,0.0005,0.0052,0.0013,0.0054,0.0016,0.0031,0.0038,0.0033,0.0047
eval_signal_neg_91_0.05GeV,0.33,0.05,HM,0.0146,0.0085,0.0114,0.004,0.0106,0.0028,0.0094,0.0038,0.009,0.0003,0.0097,0.0047
eval_signal_neg_91_0.05GeV,0.33,0.05,Cauchy,0.0009,0.0,0.002,0.0,0.0028,0.0,0.004,0.0,0.0064,0.0,0.009,0.0
eval_signal_neg_91_0.05GeV,0.33,0.05,evalue,0.0122,0.0063,0.009,0.0017,0.0089,0.0027,0.0069,0.0004,0.0094,0.0009,0.0097,0.0047
eval_signal_neg_91_0.05GeV,0.33,0.05,nested,0.0242,0.023,0.0118,0.005,0.0135,0.0069,0.0019,0.0006,0.0009,0.0013,0.0,0.0
eval_signal_neg_58_0.05GeV,0.66,0.05,minp,0.0236,0.0175,0.0145,0.0086,0.0143,0.0075,0.0095,0.0037,0.0129,0.0056,0.0103,0.0146
eval_signal_neg_58_0.05GeV,0.66,0.05,AM,0.0024,0.0009,0.0012,0.0007,0.0012,0.001,0.0009,0.001,0.0009,0.0013,0.0007,0.0009
eval_signal_neg_58_0.05GeV,0.66,0.05,GM,0.0065,0.0004,0.0066,0.0012,0.0057,0.0016,0.0055,0.0025,0.0024,0.0028,0.0023,0.0033
eval_signal_neg_58_0.05GeV,0.66,0.05,HM,0.0161,0.0104,0.0136,0.0057,0.0113,0.0033,0.01,0.0043,0.0097,0.0003,0.01,0.0043
eval_signal_neg_58_0.05GeV,0.66,0.05,Cauchy,0.001,0.0,0.0022,0.0,0.0032,0.0,0.0045,0.0,0.0071,0.0,0.01,0.0
eval_signal_neg_58_0.05GeV,0.66,0.05,evalue,0.0129,0.0073,0.0106,0.0021,0.0097,0.0031,0.0073,0.0006,0.0101,0.0003,0.01,0.0043
eval_signal_neg_58_0.05GeV,0.66,0.05,nested,0.0241,0.0221,0.0148,0.0083,0.0152,0.0091,0.0019,0.0006,0.0009,0.0013,0.0,0.0
eval_signal_neg_24_0.05GeV,1.0,0.05,minp,0.0234,0.0189,0.0124,0.0077,0.014,0.0077,0.0083,0.0028,0.011,0.0035,0.0073,0.0104
eval_signal_neg_24_0.05GeV,1.0,0.05,AM,0.0019,0.0006,0.0013,0.0004,0.0009,0.0008,0.0007,0.0011,0.0012,0.0017,0.0013,0.0019
eval_signal_neg_24_0.05GeV,1.0,0.05,GM,0.0062,0.0005,0.0057,0.0003,0.0053,0.0012,0.0048,0.0011,0.0024,0.0033,0.0027,0.0038
eval_signal_neg_24_0.05GeV,1.0,0.05,HM,0.0144,0.0089,0.0116,0.0058,0.0098,0.002,0.0091,0.0031,0.009,0.0007,0.009,0.0036
eval_signal_neg_24_0.05GeV,1.0,0.05,Cauchy,0.0008,0.0,0.0018,0.0,0.0025,0.0,0.0036,0.0,0.0057,0.0,0.008,0.0
eval_signal_neg_24_0.05GeV,1.0,0.05,evalue,0.0118,0.0067,0.0079,0.001,0.0087,0.0021,0.0072,0.0006,0.0092,0.0006,0.009,0.0036
eval_signal_neg_24_0.05GeV,1.0,0.05,nested,0.024,0.023,0.0124,0.0075,0.0149,0.0092,0.0023,0.0004,0.0012,0.0017,0.0,0.0
eval_signal_neg_20_0.05GeV,1.04,0.05,minp,0.0913,0.0086,0.0466,0.0095,0.0197,0.0073,0.0119,0.0031,0.0115,0.0002,0.001,0.0014
eval_signal_neg_20_0.05GeV,1.04,0.05,AM,0.0154,0.0206,0.0014,0.0014,0.0015,0.0012,0.0006,0.0004,0.0007,0.0006,0.0007,0.0005
eval_signal_neg_20_0.05GeV,1.04,0.05,GM,0.1213,0.0156,0.0461,0.0218,0.021,0.0176,0.0086,0.0081,0.0073,0.0074,0.0093,0.0104
eval_signal_neg_20_0.05GeV,1.04,0.05,HM,0.1108,0.0066,0.0587,0.005,0.0348,0.0053,0.014,0.0008,0.0123,0.0017,0.014,0.0029
eval_signal_neg_20_0.05GeV,1.04,0.05,Cauchy,0.0001,0.0001,0.0003,0.0002,0.0004,0.0003,0.0006,0.0004,0.0009,0.0007,0.001,0.0008
eval_signal_neg_20_0.05GeV,1.04,0.05,evalue,0.1216,0.0111,0.0651,0.0125,0.0363,0.006,0.0167,0.0024,0.0153,0.0044,0.0143,0.0026
eval_signal_neg_20_0.05GeV,1.04,0.05,nested,0.0864,0.0091,0.0483,0.0093,0.0281,0.0055,0.0088,0.0014,0.0035,0.0045,0.0002,0.0003
eval_signal_neg_16_0.05GeV,1.08,0.05,minp,2.1775,0.2685,0.8851,0.1835,0.2632,0.0908,0.0965,0.0367,0.0494,0.0108,0.01,0.0141
eval_signal_neg_16_0.05GeV,1.08,0.05,AM,0.0714,0.0427,0.0153,0.0004,0.0192,0.0028,0.0201,0.0139,0.0283,0.0204,0.0397,0.0287
eval_signal_neg_16_0.05GeV,1.08,0.05,GM,3.0402,0.2187,0.8841,0.3311,0.2635,0.2144,0.1151,0.031,0.0688,0.0192,0.0853,0.0194
eval_signal_neg_16_0.05GeV,1.08,0.05,HM,2.7696,0.1855,1.2019,0.1648,0.5297,0.0228,0.0902,0.004,0.0431,0.0093,0.0413,0.0157
eval_signal_neg_16_0.05GeV,1.08,0.05,Cauchy,0.0058,0.0013,0.013,0.0028,0.0168,0.0063,0.021,0.0126,0.0316,0.0223,0.0447,0.0316
eval_signal_neg_16_0.05GeV,1.08,0.05,evalue,3.0648,0.2588,1.3275,0.2236,0.5756,0.0784,0.1285,0.0313,0.0891,0.0368,0.0623,0.0029
eval_signal_neg_16_0.05GeV,1.08,0.05,nested,2.0672,0.2795,0.9127,0.182,0.3997,0.1222,0.0169,0.001,0.0082,0.0097,0.0009,0.0013
eval_signal_neg_8_0.05GeV,1.16,0.05,minp,3.3008,0.8662,5.2322,2.0079,6.9237,2.9437,5.5979,2.2034,3.2229,2.4517,0.0057,0.008
eval_signal_neg_8_0.05GeV,1.16,0.05,AM,2.4344,1.2127,1.9888,0.2266,2.5536,0.6868,2.885,1.9986,3.8834,2.8342,5.314,3.8816
eval_signal_neg_8_0.05GeV,1.16,0.05,GM,3.5679,1.3089,5.2128,2.5028,5.7708,2.8222,6.2255,3.0365,5.9138,3.0638,7.6203,3.8904
eval_signal_neg_8_0.05GeV,1.16,0.05,HM,3.5893,0.7253,5.5373,2.0422,6.6936,2.463,3.3009,2.3109,1.3831,1.8965,0.0477,0.004
eval_signal_neg_8_0.05GeV,1.16,0.05,Cauchy,0.878,0.1176,1.9589,0.269,2.4226,0.8721,3.0986,1.6965,4.5561,3.1677,6.3997,4.485
eval_signal_neg_8_0.05GeV,1.16,0.05,evalue,3.7003,0.7813,5.4928,2.0055,6.4175,2.9358,4.0522,2.4034,3.2715,2.399,2.8147,1.9549
eval_signal_neg_8_0.05GeV,1.16,0.05,nested,3.2517,0.9191,5.3125,2.0214,6.8585,3.0002,0.0392,0.0178,0.0075,0.0087,0.0009,0.0013
eval_signal_zero_0.05GeV,1.24,0.05,minp,6.957,1.2971,14.4697,2.8489,20.7379,4.3189,16.5137,11.3665,10.4683,13.1937,0.0003,0.0005
eval_signal_zero_0.05GeV,1.24,0.05,AM,6.846,1.6373,8.4905,2.5736,10.7284,5.4474,13.7749,9.6793,14.7861,12.0974,19.041,15.3972
eval_signal_zero_0.05GeV,1.24,0.05,GM,7.0655,1.5363,13.8415,4.9347,14.8877,6.9118,17.4419,9.8189,23.0024,14.5555,29.028,18.7277
eval_signal_zero_0.05GeV,1.24,0.05,HM,7.0482,1.2854,14.9581,3.0815,20.513,4.0773,13.541,9.6627,10.4329,14.7233,0.0283,0.0101
eval_signal_zero_0.05GeV,1.24,0.05,Cauchy,3.6748,1.3238,8.1701,3.0267,10.5262,5.7278,14.4769,8.6749,21.8345,15.1853,30.4507,21.3766
eval_signal_zero_0.05GeV,1.24,0.05,evalue,7.0971,1.3351,14.8663,3.0126,16.9324,7.1273,13.9288,9.3371,11.2609,14.6255,5.0917,5.8513
eval_signal_zero_0.05GeV,1.24,0.05,nested,6.9446,1.2921,14.6466,3.1832,20.2444,4.3125,1.5145,1.1152,0.0082,0.0059,0.0045,0.0063
eval_signal_neg_91_0.5GeV,0.33,0.5,minp,0.2172,0.2134,0.1396,0.1296,0.0272,0.006,0.0121,0.0044,0.0131,0.0055,0.01,0.0141
eval_signal_neg_91_0.5GeV,0.33,0.5,AM,0.2685,0.1907,0.0024,0.0007,0.003,0.0006,0.003,0.0012,0.0024,0.0028,0.0033,0.004
eval_signal_neg_91_0.5GeV,0.33,0.5,GM,0.2662,0.284,0.1443,0.1534,0.0184,0.0095,0.0097,0.0031,0.0059,0.0032,0.006,0.0037
eval_signal_neg_91_0.5GeV,0.33,0.5,HM,0.229,0.2363,0.2186,0.2389,0.1126,0.1132,0.014,0.0041,0.0104,0.0007,0.0107,0.0054
eval_signal_neg_91_0.5GeV,0.33,0.5,Cauchy,0.0011,0.0,0.0025,0.0,0.0035,0.0,0.0049,0.0,0.0078,0.0,0.011,0.0
eval_signal_neg_91_0.5GeV,0.33,0.5,evalue,0.2416,0.253,0.2176,0.2401,0.1143,0.1148,0.0113,0.0013,0.0118,0.0027,0.011,0.005
eval_signal_neg_91_0.5GeV,0.33,0.5,nested,0.2056,0.1922,0.1462,0.1382,0.061,0.0385,0.0022,0.0004,0.0007,0.0006,0.0002,0.0003
eval_signal_neg_58_0.5GeV,0.66,0.5,minp,0.0538,0.0323,0.0257,0.0078,0.0149,0.007,0.0089,0.0042,0.0108,0.0049,0.0083,0.0118
eval_signal_neg_58_0.5GeV,0.66,0.5,AM,0.0115,0.0021,0.0015,0.0006,0.0015,0.0005,0.0012,0.0006,0.0009,0.0013,0.0013,0.0019
eval_signal_neg_58_0.5GeV,0.66,0.5,GM,0.0411,0.0321,0.016,0.0056,0.0065,0.0022,0.0054,0.0026,0.0033,0.0029,0.004,0.0043
eval_signal_neg_58_0.5GeV,0.66,0.5,HM,0.0489,0.0331,0.0358,0.0208,0.02,0.0045,0.0109,0.0034,0.008,0.0007,0.0083,0.0039
eval_signal_neg_58_0.5GeV,0.66,0.5,Cauchy,0.0008,0.0,0.0018,0.0,0.0025,0.0,0.0036,0.0,0.0057,0.0,0.008,0.0
eval_signal_neg_58_0.5GeV,0.66,0.5,evalue,0.048,0.0347,0.0328,0.0211,0.0192,0.005,0.0086,0.0004,0.009,0.0018,0.0083,0.0039
eval_signal_neg_58_0.5GeV,0.66,0.5,nested,0.0513,0.0285,0.0262,0.0085,0.0182,0.008,0.0025,0.0011,0.0007,0.001,0.0,0.0
eval_signal_neg_24_0.5GeV,1.0,0.5,minp,0.0246,0.019,0.0141,0.0063,0.0125,0.0043,0.0077,0.0027,0.011,0.0035,0.0073,0.0104
eval_signal_neg_24_0.5GeV,1.0,0.5,AM,0.0026,0.0013,0.001,0.0003,0.0007,0.0006,0.0009,0.0007,0.0009,0.0013,0.001,0.0014
eval_signal_neg_24_0.5GeV,1.0,0.5,GM,0.0073,0.0002,0.0086,0.0012,0.0061,0.0015,0.0055,0.0022,0.0024,0.0024,0.002,0.0028
eval_signal_neg_24_0.5GeV,1.0,0.5,HM,0.0154,0.0087,0.0133,0.0033,0.012,0.002,0.0089,0.0025,0.0097,0.0009,0.0103,0.0039
eval_signal_neg_24_0.5GeV,1.0,0.5,Cauchy,0.001,0.0,0.0022,0.0,0.0032,0.0,0.0045,0.0,0.0071,0.0,0.01,0.0
eval_signal_neg_24_0.5GeV,1.0,0.5,evalue,0.0121,0.0057,0.0115,0.001,0.0114,0.0019,0.0078,0.0006,0.0101,0.0012,0.0103,0.0039
eval_signal_neg_24_0.5GeV,1.0,0.5,nested,0.0246,0.0227,0.0142,0.006,0.0141,0.0057,0.0023,0.0001,0.0005,0.0007,0.0,0.0
eval_signal_neg_20_0.5GeV,1.04,0.5,minp,0.1021,0.0111,0.0487,0.0095,0.0177,0.0062,0.0106,0.0024,0.0098,0.0009,0.0013,0.0019
eval_signal_neg_20_0.5GeV,1.04,0.5,AM,0.0175,0.0239,0.0013,0.0015,0.0014,0.0015,0.0003,0.0002,0.0002,0.0003,0.0003,0.0005
eval_signal_neg_20_0.5GeV,1.04,0.5,GM,0.1385,0.0195,0.0471,0.0235,0.0208,0.0193,0.0069,0.0078,0.0054,0.0067,0.0067,0.0087
eval_signal_neg_20_0.5GeV,1.04,0.5,HM,0.126,0.007,0.0641,0.007,0.0319,0.0048,0.0122,0.0006,0.0115,0.0023,0.0123,0.0048
eval_signal_neg_20_0.5GeV,1.04,0.5,Cauchy,0.0001,0.0,0.0002,0.0,0.0002,0.0001,0.0003,0.0002,0.0005,0.0003,0.0007,0.0005
eval_signal_neg_20_0.5GeV,1.04,0.5,evalue,0.1374,0.0108,0.0716,0.0127,0.0345,0.0059,0.0146,0.003,0.0132,0.0044,0.0123,0.0048
eval_signal_neg_20_0.5GeV,1.04,0.5,nested,0.0958,0.0124,0.05,0.0087,0.0257,0.0045,0.0079,0.0008,0.0035,0.004,0.0005,0.0007
eval_signal_neg_16_0.5GeV,1.08,0.5,minp,2.4776,0.2944,0.9874,0.2062,0.2726,0.1105,0.0868,0.0386,0.0378,0.0072,0.0087,0.0123
eval_signal_neg_16_0.5GeV,1.08,0.5,AM,0.0746,0.0493,0.014,0.0015,0.0179,0.0006,0.0176,0.0118,0.0243,0.0176,0.0337,0.0242
eval_signal_neg_16_0.5GeV,1.08,0.5,GM,3.4102,0.249,0.9841,0.37,0.2762,0.2393,0.1087,0.0284,0.0636,0.0236,0.0773,0.0216
eval_signal_neg_16_0.5GeV,1.08,0.5,HM,3.1299,0.181,1.3497,0.1922,0.5888,0.0189,0.0836,0.0062,0.0332,0.008,0.0307,0.0121
eval_signal_neg_16_0.5GeV,1.08,0.5,Cauchy,0.0049,0.0013,0.011,0.0028,0.0142,0.0058,0.0183,0.0108,0.0273,0.0193,0.0383,0.0271
eval_signal_neg_16_0.5GeV,1.08,0.5,evalue,3.4467,0.2625,1.5001,0.2672,0.6414,0.0865,0.1236,0.0349,0.0759,0.0319,0.0513,0.0068
eval_signal_neg_16_0.5GeV,1.08,0.5,nested,2.3599,0.3183,1.0198,0.2063,0.4336,0.1368,0.0139,0.0013,0.0061,0.0072,0.0007,0.001
eval_signal_neg_8_0.5GeV,1.16,0.5,minp,3.4525,0.8522,5.3075,1.9908,6.9679,2.9407,5.64,2.18,3.2634,2.4752,0.0067,0.0094
eval_signal_neg_8_0.5GeV,1.16,0.5,AM,2.4474,1.2121,2.0528,0.196,2.6398,0.6495,2.9458,2.0321,4.0571,2.9367,5.5813,4.0522
eval_signal_neg_8_0.5GeV,1.16,0.5,GM,3.7299,1.3281,5.2927,2.501,5.9913,2.9077,6.5599,3.1567,6.2176,3.1504,8.0303,3.9854
eval_signal_neg_8_0.5GeV,1.16,0.5,HM,3.7591,0.7112,5.6379,2.0226,6.765,2.4592,3.4021,2.3852,1.4243,1.9409,0.052,0.0067
eval_signal_neg_8_0.5GeV,1.16,0.5,Cauchy,0.8951,0.12,1.998,0.2734,2.493,0.8568,3.1865,1.6913,4.6509,3.2222,6.5353,4.5626
eval_signal_neg_8_0.5GeV,1.16,0.5,evalue,3.8779,0.7709,5.6028,1.9997,6.5692,2.9206,4.2593,2.4975,3.4726,2.4614,3.133,2.1798
eval_signal_neg_8_0.5GeV,1.16,0.5,nested,3.3977,0.9121,5.3899,2.0008,6.8984,2.997,0.04,0.0185,0.008,0.009,0.0012,0.0017
eval_signal_zero_0.5GeV,1.24,0.5,minp,7.0062,1.2823,14.4581,2.8481,20.6923,4.3295,16.4624,11.2997,10.4307,13.0898,0.001,0.0014
eval_signal_zero_0.5GeV,1.24,0.5,AM,6.8342,1.6398,8.5872,2.369,10.813,5.2312,13.7141,9.6281,15.4331,12.3141,20.1993,15.9974
eval_signal_zero_0.5GeV,1.24,0.5,GM,7.0969,1.5377,13.9576,4.8002,15.3279,6.8685,17.8696,9.7788,23.1818,14.3747,29.6497,18.7214
eval_signal_zero_0.5GeV,1.24,0.5,HM,7.1043,1.2653,14.9525,3.0781,20.4614,4.0681,13.5087,9.6281,10.3789,14.6425,0.036,0.0128
eval_signal_zero_0.5GeV,1.24,0.5,Cauchy,3.6565,1.3196,8.1331,3.0116,10.5169,5.6482,14.4414,8.5938,21.7487,15.0967,30.406,21.3116
eval_signal_zero_0.5GeV,1.24,0.5,evalue,7.15,1.3143,14.8766,3.0243,17.2016,6.9124,14.0877,9.3386,11.3575,14.5592,5.7717,6.6116
eval_signal_zero_0.5GeV,1.24,0.5,nested,6.9928,1.2796,14.6377,3.1758,20.2005,4.3213,1.5217,1.121,0.0082,0.006,0.0035,0.005
eval_signal_neg_91_5GeV,0.33,5.0,minp,9.0161,0.3329,19.1731,0.5074,26.5052,1.6691,31.1412,2.7476,42.2848,5.1892,19.4857,27.5569
eval_signal_neg_91_5GeV,0.33,5.0,AM,2.6457,1.744,0.0095,0.0065,0.0105,0.0053,0.0136,0.0056,0.0141,0.0,0.02,0.0
eval_signal_neg_91_5GeV,0.33,5.0,GM,9.0855,0.333,19.4123,1.3376,25.1157,1.3595,28.7145,3.2506,6.1787,5.1491,4.7603,4.3524
eval_signal_neg_91_5GeV,0.33,5.0,HM,9.0737,0.302,19.7953,0.9305,27.4314,1.5632,35.0854,3.0642,47.6795,6.1613,67.278,8.7625
eval_signal_neg_91_5GeV,0.33,5.0,Cauchy,0.0022,0.0,0.0048,0.0001,0.0069,0.0001,0.0097,0.0002,0.0153,0.0003,0.0217,0.0005
eval_signal_neg_91_5GeV,0.33,5.0,evalue,9.084,0.2992,19.8104,0.9211,27.5126,1.5682,35.2455,2.9511,48.0192,5.8242,67.28,8.7636
eval_signal_neg_91_5GeV,0.33,5.0,nested,9.0308,0.3238,19.3194,1.2543,26.3568,1.5657,0.0191,0.0012,0.0108,0.0143,0.0005,0.0007
eval_signal_neg_58_5GeV,0.66,5.0,minp,7.4318,1.007,14.7746,2.564,18.1929,5.3036,15.8855,10.0073,14.0664,9.3451,1.5997,2.2623
eval_signal_neg_58_5GeV,0.66,5.0,AM,2.5756,1.672,0.0073,0.0078,0.0052,0.0037,0.0057,0.003,0.0057,0.0,0.008,0.0
eval_signal_neg_58_5GeV,0.66,5.0,GM,7.5731,1.0621,14.3567,4.3137,14.7409,4.7775,11.6766,6.669,1.6615,1.1755,1.2237,0.8647
eval_signal_neg_58_5GeV,0.66,5.0,HM,7.5744,0.8877,15.3842,2.9395,20.166,5.0571,20.1182,10.1177,15.7864,10.8414,22.0407,15.1814
eval_signal_neg_58_5GeV,0.66,5.0,Cauchy,0.0008,0.0,0.0018,0.0,0.0025,0.0,0.0036,0.0,0.0057,0.0,0.008,0.0
eval_signal_neg_58_5GeV,0.66,5.0,evalue,7.604,0.886,15.4231,2.9231,20.3888,5.1814,20.5612,9.8362,16.3064,10.2598,22.0433,15.18
eval_signal_neg_58_5GeV,0.66,5.0,nested,7.4301,1.0091,15.0094,3.0919,18.9969,5.2366,0.0122,0.0033,0.0061,0.0082,0.0002,0.0003
eval_signal_neg_24_5GeV,1.0,5.0,minp,0.2249,0.2121,0.1811,0.166,0.0493,0.014,0.0174,0.0056,0.0185,0.0056,0.0117,0.0165
eval_signal_neg_24_5GeV,1.0,5.0,AM,0.2675,0.1748,0.0041,0.0011,0.0047,0.0013,0.0052,0.0013,0.0033,0.0047,0.0047,0.0066
eval_signal_neg_24_5GeV,1.0,5.0,GM,0.2571,0.2656,0.1635,0.1597,0.0275,0.02,0.0139,0.0065,0.0092,0.0067,0.0103,0.0095
eval_signal_neg_24_5GeV,1.0,5.0,HM,0.2337,0.2312,0.254,0.2681,0.1572,0.1492,0.0204,0.004,0.0165,0.0007,0.0177,0.0068
eval_signal_neg_24_5GeV,1.0,5.0,Cauchy,0.0016,0.0,0.0036,0.0,0.0051,0.0,0.0072,0.0,0.0113,0.0,0.016,0.0
eval_signal_neg_24_5GeV,1.0,5.0,evalue,0.2424,0.2449,0.2519,0.2678,0.1587,0.1521,0.0194,0.003,0.0191,0.004,0.0177,0.0068
eval_signal_neg_24_5GeV,1.0,5.0,nested,0.2137,0.1916,0.1893,0.1777,0.1029,0.0708,0.0042,0.0005,0.0016,0.0019,0.0002,0.0003
eval_signal_neg_20_5GeV,1.04,5.0,minp,1.172,0.4577,1.1244,0.3389,0.3587,0.2256,0.0508,0.0333,0.0085,0.0019,0.0023,0.0033
eval_signal_neg_20_5GeV,1.04,5.0,AM,0.3423,0.4836,0.0013,0.0019,0.0009,0.0013,0.0,0.0,0.0,0.0,0.0,0.0
eval_signal_neg_20_5GeV,1.04,5.0,GM,1.3095,0.3994,0.9117,0.3408,0.392,0.5419,0.0644,0.0898,0.0094,0.0113,0.0083,0.0097
eval_signal_neg_20_5GeV,1.04,5.0,HM,1.2706,0.4638,1.4101,0.6651,0.7816,0.2244,0.0538,0.0262,0.0101,0.0023,0.0107,0.0045
eval_signal_neg_20_5GeV,1.04,5.0,Cauchy,0.0,0.0,0.0,0.0,0.0,0.0,0.0,0.0,0.0,0.0,0.0,0.0
eval_signal_neg_20_5GeV,1.04,5.0,evalue,1.3179,0.4737,1.4806,0.643,0.8174,0.1799,0.1039,0.082,0.0379,0.0407,0.0107,0.0045
eval_signal_neg_20_5GeV,1.04,5.0,nested,1.1292,0.3933,1.1568,0.3773,0.6664,0.195,0.0067,0.001,0.0021,0.0025,0.0002,0.0003
eval_signal_neg_16_5GeV,1.08,5.0,minp,9.1401,0.2814,13.8589,1.5514,5.0508,3.4579,0.5711,0.3738,0.0609,0.012,0.0333,0.0471
eval_signal_neg_16_5GeV,1.08,5.0,AM,0.316,0.3992,0.0133,0.0026,0.0179,0.0025,0.0206,0.0032,0.024,0.017,0.034,0.024
eval_signal_neg_16_5GeV,1.08,5.0,GM,9.4846,0.0746,13.3308,1.2491,4.0134,5.4632,0.6659,0.7678,0.1589,0.0653,0.181,0.1114
eval_signal_neg_16_5GeV,1.08,5.0,HM,9.3882,0.1868,15.3586,2.6784,12.2511,3.7145,0.647,0.2779,0.0778,0.0197,0.0773,0.0278
eval_signal_neg_16_5GeV,1.08,5.0,Cauchy,0.0045,0.0008,0.0101,0.0019,0.0142,0.0027,0.0201,0.0038,0.028,0.0113,0.0393,0.0165
eval_signal_neg_16_5GeV,1.08,5.0,evalue,9.4626,0.1713,15.8216,2.6825,12.9555,2.9716,1.2963,1.0342,0.4504,0.499,0.1017,0.0103
eval_signal_neg_16_5GeV,1.08,5.0,nested,9.1294,0.2491,14.0965,1.8489,9.4322,1.8624,0.0139,0.0007,0.0066,0.0066,0.0014,0.002
eval_signal_neg_8_5GeV,1.16,5.0,minp,8.473,0.4918,12.1738,0.688,8.6324,1.3645,5.6898,2.1288,3.1957,2.4375,0.0177,0.025
eval_signal_neg_8_5GeV,1.16,5.0,AM,2.4113,1.2059,2.1338,0.0039,3.0003,0.0301,3.5005,1.0927,4.5014,3.181,6.3647,4.4977
eval_signal_neg_8_5GeV,1.16,5.0,GM,8.6847,0.728,9.72,4.2668,7.2569,3.2127,9.653,4.2975,12.4005,5.6197,14.6653,7.8209
eval_signal_neg_8_5GeV,1.16,5.0,HM,8.8241,0.351,13.7409,2.2757,13.5054,3.2498,6.2307,3.8662,2.7202,2.2616,1.6397,1.1339
eval_signal_neg_8_5GeV,1.16,5.0,Cauchy,0.8752,0.1136,1.957,0.2539,2.7521,0.381,3.8123,0.6516,5.3009,2.0573,7.3183,3.1596
eval_signal_neg_8_5GeV,1.16,5.0,evalue,8.9102,0.3555,13.7075,2.1298,13.5678,3.702,8.7718,3.6472,6.9968,2.4859,6.3427,4.352
eval_signal_neg_8_5GeV,1.16,5.0,nested,8.4541,0.4497,12.4057,1.0529,10.106,2.2072,0.0387,0.0145,0.0087,0.0079,0.0024,0.0033
eval_signal_zero_5GeV,1.24,5.0,minp,8.6492,0.5865,16.0723,1.7314,21.0826,3.8251,16.4778,11.2065,10.4844,13.0253,0.0033,0.0047
eval_signal_zero_5GeV,1.24,5.0,AM,6.8236,1.6372,10.0224,0.2551,13.6019,1.1666,14.441,8.4306,21.2017,14.942,29.8773,21.0569
eval_signal_zero_5GeV,1.24,5.0,GM,8.6024,1.0042,15.64,3.8751,20.5465,5.2869,27.2188,7.7117,34.5615,9.9202,44.5243,12.5754
eval_signal_zero_5GeV,1.24,5.0,HM,8.8206,0.5162,16.9377,2.136,22.0409,3.6471,16.3062,10.7907,10.9887,15.0465,3.3863,4.5452
eval_signal_zero_5GeV,1.24,5.0,Cauchy,3.6607,1.2759,8.1846,2.8544,11.3431,4.3635,15.5365,6.8829,22.4167,13.8955,31.385,20.055
eval_signal_zero_5GeV,1.24,5.0,evalue,8.8576,0.5625,16.9597,2.2106,21.7114,4.545,22.7688,8.5272,19.7747,12.3263,21.205,17.6234
eval_signal_zero_5GeV,1.24,5.0,nested,8.6197,0.5888,16.3399,2.0705,20.7767,3.9577,1.4904,1.0745,0.0151,0.0108,0.0082,0.0117
