stem,z_m,m_chi_GeV,n_seeds,cons_SIC_raw_mean,cons_SIC_raw_std,cons_SIC_raw_n,cons_SIC_L_mean,cons_SIC_L_std,cons_SIC_L_n,cons_SIC_S_mean,cons_SIC_S_std,cons_SIC_S_n,cons_SIC_occ_mean,cons_SIC_occ_std,cons_SIC_occ_n,cons_SIC_comb_mean,cons_SIC_comb_std,cons_SIC_comb_n,rand_SIC_raw_mean,rand_SIC_raw_std,rand_SIC_raw_n,rand_SIC_L_mean,rand_SIC_L_std,rand_SIC_L_n,rand_SIC_S_mean,rand_SIC_S_std,rand_SIC_S_n,rand_SIC_occ_mean,rand_SIC_occ_std,rand_SIC_occ_n,rand_SIC_comb_mean,rand_SIC_comb_std,rand_SIC_comb_n
eval_signal_neg_16_0.05GeV,1.08,0.05,3,1.1032872586112323,0.10660866195714822,3,0.07339305004526953,0.06446842757327428,3,1.0420193720898885,0.13621032381143755,3,0.05802370205355739,0.0,3,0.24814331462338002,0.0678509298689083,3,1.1070411924594106,0.07666195780048785,3,0.07305023287208882,0.06452418673151464,3,1.030099456911882,0.12301513436000763,3,0.04857468476480316,0.0,3,0.40382207127032127,0.1420041883778516,3
eval_signal_neg_16_0.5GeV,1.08,0.5,3,1.2469868271209823,0.12385157928164653,3,0.0679621692990937,0.05972868104213519,3,1.1763156591189425,0.16061690465975068,3,0.05022947341949744,0.0,3,0.24855133468286025,0.07247743601935419,3,1.2507422190795365,0.09047363216176534,3,0.06764506341390156,0.0597805663684463,3,1.1623004755589386,0.1449017713452622,3,0.04246038878042234,0.0,3,0.4288711174339854,0.15136544650995634,3
eval_signal_neg_16_5GeV,1.08,5.0,3,20.308789931663853,4.489619175437142,3,0.05688916482646872,0.05169890347648738,3,19.82320153921476,3.910947561075059,3,0.04416729559300637,0.0,3,5.802389838310536,5.82428565971933,3,20.2026755514553,4.677502673798056,3,0.05664181938859558,0.05176072838813263,3,19.296300468640872,3.6869206688430016,3,0.04008260700871869,0.0,3,8.70193472496108,5.015491752560833,3
eval_signal_neg_16_low,1.08,0.005,3,1.0948202221778291,0.10396885648734541,3,0.0634411591979518,0.05858372344733191,3,1.0334707608768308,0.13408474452583363,3,0.038105117766515297,0.0,3,0.24307017052713534,0.0618012784801798,3,1.0975680710959523,0.07685382963061961,3,0.06317547588873677,0.058650313266270265,3,1.02144884334002,0.12044019933479745,3,0.040761973229205446,0.0,3,0.3961227376389025,0.13765778705126294,3
eval_signal_neg_20_0.05GeV,1.04,0.05,3,0.05957474632483191,0.003503609351000711,3,0.001319640200595947,0.0009881793657630213,3,0.06067676092916977,0.005638950934924042,3,0.0017320508075688774,0.0,3,0.018953692734298432,0.0038641227694369397,3,0.05946150054672363,0.003163090597173087,3,0.0013110697712664296,0.0009859832921454614,3,0.06005512348026203,0.005478340743317354,3,0.021400035945332862,0.0,3,0.03548632732719117,0.007825519448932903,3
eval_signal_neg_20_0.5GeV,1.04,0.5,3,0.06319044929172658,0.003169546066659327,3,0.0011356219949063965,0.0006736479783328723,3,0.06347007295847304,0.005905914524781029,3,0.0008660254037844387,0.0,3,0.017797824658836562,0.0037624862480754944,3,0.06378228028893304,0.0018024293181741252,3,0.0011265344923938395,0.0006792742879449038,3,0.0627958886977735,0.0052385977870504,3,0.025136550158010026,0.0,3,0.0386709678013881,0.008829112016560574,3
eval_signal_neg_20_5GeV,1.04,5.0,3,1.6010831038706528,0.7171283559975321,3,0.00044509236558232473,0.0004258872686374995,3,1.6459507994586562,0.6970422425658994,3,0.0,0.0,3,0.45044045175379793,0.4587306140159262,3,1.6044580446035077,0.7390412968232005,3,0.00044337827971642127,0.0004264124901379908,3,1.6128438892730346,0.6815103136843641,3,0.02106035283508948,0.0,3,0.696645807982909,0.4871403962128755,3
eval_signal_neg_20_low,1.04,0.005,3,0.056632689777352765,0.0021978510008655947,3,0.001003412434579109,0.001005540752073601,3,0.057963636124215984,0.0043271982821878495,3,0.0,0.0,3,0.019643142069521113,0.0038878825349116094,3,0.05711330124236363,0.0019420552965306078,3,0.000999984262847302,0.001006816327210499,3,0.0568844957870025,0.00403907651060171,3,0.02445718393752327,0.0,3,0.03787407265290493,0.006961650479048458,3
eval_signal_neg_24_0.05GeV,1.0,0.05,3,0.0053636418017094225,0.00039626351768485375,3,0.014246593095201838,0.011640707813205217,3,0.0054240467648854485,0.000252946872101024,3,0.0069282032302755096,0.0,3,0.015245827704953276,0.008811102605133616,3,0.005413083376081402,0.0003517353515507991,3,0.014140425689367235,0.01169204856267817,3,0.005265826918938567,0.00020571062146122334,3,0.02615559948874016,0.0,3,0.02302072036542852,0.00900679787064852,3
eval_signal_neg_24_0.5GeV,1.0,0.5,3,0.00881909373146926,0.00018556992062913202,3,0.012505740342845576,0.009003994586153998,3,0.008630506375223812,0.00039432060493866316,3,0.008660254037844387,0.0,3,0.013465742014071774,0.004539018705505216,3,0.008950138753507995,0.00027719032229232615,3,0.012739773120437392,0.009520721700006129,3,0.00881394676242286,0.00028115538680331263,3,0.027514331929713677,0.0,3,0.025466372605895984,0.006205866905323419,3
eval_signal_neg_24_5GeV,1.0,5.0,3,0.27852353893557646,0.30941343923942544,3,0.019884296801675912,0.012972041700958187,3,0.24875882325206383,0.2616810155229149,3,0.013856406460551019,0.0,3,0.10114594040778263,0.09701426236748231,3,0.28222506707438455,0.3156585785614017,3,0.01970009577759367,0.013054359033170697,3,0.2436969979556032,0.25644282420158604,3,0.028533381260443816,0.0,3,0.1458991828230208,0.13191016181188275,3
eval_signal_neg_24_low,1.0,0.005,3,0.008389634848128746,0.0015961734817009903,3,0.014088246667948718,0.009216126740531605,3,0.008270697038741052,0.0009124916274784804,3,0.010392304845413263,0.0,3,0.014835865789323296,0.006595933546281487,3,0.008608095300314322,0.0013512530091163036,3,0.014184183259954129,0.0095804682582348,3,0.008237532244125878,0.0009450587581723238,3,0.025476233268253407,0.0,3,0.025593815324554976,0.008181961618123963,3
eval_signal_neg_58_0.05GeV,0.66,0.05,3,0.005658597182336413,0.0009228780423943292,3,0.017131549728602518,0.012144997082036018,3,0.0055045188633174565,0.0007226308152601161,3,0.008660254037844387,0.0,3,0.0155720028886153,0.008934414520619377,3,0.005588386647499744,0.0008337410101380212,3,0.01709676355166818,0.012367821719233868,3,0.005441306491357047,0.0008116204684227239,3,0.025476233268253407,0.0,3,0.024251375450481824,0.0076732802840903174,3
eval_signal_neg_58_0.5GeV,0.66,0.5,3,0.026611910769155766,0.01794875584674779,3,0.013307944679436726,0.009664459417363507,3,0.024452205632102302,0.013080567815724437,3,0.0069282032302755096,0.0,3,0.01761937076383464,0.006277965144081101,3,0.026556284535096304,0.01821420113271856,3,0.013189941538857584,0.009707335500606889,3,0.02362018994256039,0.012426235671341575,3,0.03328894480385112,0.0,3,0.036462031900051886,0.009416107840421968,3
eval_signal_neg_58_5GeV,0.66,5.0,3,22.459969109177365,6.600382819064384,3,0.015366817162424246,0.011302397454309224,3,22.19633785292261,6.074759491711775,3,0.0069282032302755096,0.0,3,19.16567454325873,8.10570923191632,3,22.24939581711484,6.637724667248647,3,0.01545554320409979,0.011645942485728674,3,21.503753242240542,5.666556294980423,3,0.02887306437068719,0.0,3,18.829882590748728,7.022692824582661,3
eval_signal_neg_58_low,0.66,0.005,3,0.006930119006512682,0.0010784093307292636,3,0.01354221853434116,0.01023035691154904,3,0.006742043635483131,0.0008376297296213118,3,0.002598076211353316,0.0,3,0.014443959039077402,0.00777803952687094,3,0.006856717083728891,0.001068051433220047,3,0.01353915718304238,0.010423888348577685,3,0.006539327786530162,0.0007490097661087524,3,0.02615559948874016,0.0,3,0.025230862050798712,0.007705463188162549,3
eval_signal_neg_8_0.05GeV,1.16,0.05,3,1.1169343878902873,0.3575389585380727,3,6.1377820128733145,4.696227196420287,3,0.8148919639111362,0.09203882551211187,3,8.322504130368456,0.0,3,7.622679766573232,3.345528496494353,3,1.1226302278191647,0.34908820138220986,3,6.100674342129131,4.690280737873953,3,0.8081750424899936,0.0815154164730064,3,3.291189655148097,0.0,3,7.106748526031788,3.1942981938731654,3
eval_signal_neg_8_0.5GeV,1.16,0.5,3,1.2778578786861077,0.4278600933426127,3,6.156397987334377,4.714845250853304,3,0.9105206215053955,0.11400872955660668,3,8.486182931683713,0.0,3,7.669093490709514,3.3374721153514186,3,1.2825124570538884,0.4174153812833219,3,6.1192604251492195,4.70912210613538,3,0.9040456944909466,0.10199008130277469,3,3.355389762984095,0.0,3,7.154726509366188,3.190035307887152,3
eval_signal_neg_8_5GeV,1.16,5.0,3,15.534655739640273,4.564974941221992,3,6.017808541497219,4.61233439882681,3,14.335693209665415,3.269640082842142,3,8.271408631545173,0.0,3,9.568246576448633,3.693136011122409,3,15.48053412796682,4.69043938377362,3,5.981580196802244,4.606758711464062,3,13.999681166511001,3.1439613380151834,3,3.2667324712105734,0.0,3,10.35744797773954,3.947189781024404,3
eval_signal_neg_8_low,1.16,0.005,3,1.1323145834686683,0.3662289915591854,3,6.158369209806154,4.711914923627803,3,0.8142678158788328,0.09388693634735501,3,8.480986779261007,0.0,3,7.656464477003518,3.3410860950180608,3,1.1357128921825042,0.35599478659593065,3,6.120576376638898,4.705414001121286,3,0.8037451267932242,0.08592268101046578,3,3.346218319007524,0.0,3,7.139368489610701,3.194305127925283,3
eval_signal_neg_91_0.05GeV,0.33,0.05,3,0.005836611444120463,0.0008347984215451335,3,0.012858378826540688,0.008090725029917355,3,0.0057685136405300295,0.0005422820336171293,3,0.007794228634059948,0.0,3,0.013545295561433034,0.006263472464700666,3,0.005782357849019401,0.0008730718026316057,3,0.012844515886863448,0.008284027485708478,3,0.005598829099230383,0.0004879679473193929,3,0.030571479921904086,0.0,3,0.024724725791067183,0.00684837734203329,3
eval_signal_neg_91_0.5GeV,0.33,0.5,3,0.21568514222015606,0.2394130510921289,3,0.014500512245081604,0.008843912179532775,3,0.1844609994942981,0.19165265853598162,3,0.009526279441628824,0.0,3,0.059801421162119214,0.05115972623066567,3,0.21945419795757595,0.24604789791213197,3,0.014469671313062116,0.009049125737223256,3,0.18232410487427528,0.19002361533434584,3,0.03294926169360774,0.0,3,0.10503495811717804,0.08769014465392648,3
eval_signal_neg_91_5GeV,0.33,5.0,3,29.067481801749988,4.002086485253685,3,0.024062332299151234,0.013927703923209446,3,28.80891469248931,3.5717566596954144,3,0.019052558883257648,0.0,3,28.83435593529087,3.4137164880412003,3,28.792702402128473,4.154902519537508,3,0.024152296441309097,0.01445826422128214,3,27.950501949403353,3.1974356986593224,3,0.036006409685798144,0.0,3,26.840155114453587,2.906491669174384,3
eval_signal_neg_91_low,0.33,0.005,3,0.005321582964982688,0.00035938860864808206,3,0.014594758091583239,0.009441970343664462,3,0.005476036786663234,0.0006237571679100298,3,0.009526279441628824,0.0,3,0.014567269857227784,0.006989504798967985,3,0.005774597956548397,0.00042932676428345597,3,0.014569576490344497,0.009649787438360407,3,0.005423632483868023,0.0006796011615316044,3,0.02955243059117395,0.0,3,0.02647743934132507,0.007462429002616532,3
eval_signal_zero_0.05GeV,1.24,0.05,3,0.6631696071176858,0.2881729012948342,3,15.931692349994291,11.275746118402623,3,0.4066178790133925,0.03752367242950486,3,39.84409677731445,0.0,3,22.835173484334437,5.259658433036434,3,0.6760822316079977,0.29733386277454943,3,15.807144390540268,11.195409536582282,3,0.40721024148949564,0.031528407445772226,3,15.643426276038321,0.0,3,20.943286551575916,4.9560526282812685,3
eval_signal_zero_0.5GeV,1.24,0.5,3,0.776902208498573,0.3404750863153534,3,15.901267608266993,11.255292596705713,3,0.47579019647847165,0.03701100518430893,3,39.65876734090458,0.0,3,22.782737023898555,5.270590315833943,3,0.7978422686512291,0.35838483204274774,3,15.777237400780736,11.175647241375938,3,0.4757390390987191,0.03273472119241328,3,15.573111872217941,0.0,3,20.900637917761465,4.964206663326597,3
eval_signal_zero_5GeV,1.24,5.0,3,11.484265674410807,5.930582862532382,3,15.868899987191943,11.235385855849941,3,9.202263198909112,3.195539255384491,3,39.41195010082602,0.0,3,23.043855143911244,5.251884311862654,3,11.549879371357848,6.005961745872003,3,15.744723386629143,11.156551035026183,3,9.049965488114086,3.1210708568774637,3,15.478679967570281,0.0,3,21.38924352234286,4.976101639404107,3
eval_signal_zero_low,1.24,0.005,3,0.6753551751474209,0.2932629571789728,3,15.932017234970468,11.276954349308987,3,0.41552530974852186,0.031016705704003597,3,39.60074363885102,0.0,3,22.816234328103107,5.309360847986955,3,0.6910497972367033,0.30696688927362065,3,15.80772820051846,11.197110585042465,3,0.41691723543379855,0.02416070073493884,3,15.552051519382854,0.0,3,20.92962621747713,5.0001345840918745,3
