seed,stem,z_m,m_chi_GeV,SIC_T_raw,SICm_T_raw,epsB_T_raw,AUC_T_raw,SIC_T_I,SICm_T_I,epsB_T_I,AUC_T_I,SIC_T_S,SICm_T_S,epsB_T_S,AUC_T_S,SIC_Typ_I,SICm_Typ_I,epsB_Typ_I,AUC_Typ_I,SIC_Typ_II,SICm_Typ_II,epsB_Typ_II,AUC_Typ_II,SIC_Typ_tot,SICm_Typ_tot,epsB_Typ_tot,AUC_Typ_tot,SIC_V_I,SICm_V_I,epsB_V_I,AUC_V_I,SIC_V_II,SICm_V_II,epsB_V_II,AUC_V_II,SIC_M,SICm_M,epsB_M,AUC_M
001,eval_signal_neg_91_5GeV,0.33000,5.00000,27.10146,27.10146,0.00103,0.98834,0.04212,0.03797,0.00087,0.58426,26.61891,26.61891,0.00107,0.98778,0.03357,0.03257,0.00113,0.55275,30.81412,29.80355,0.00097,0.99884,37.07878,30.28766,0.00067,0.99878,0.04943,0.04553,0.00093,0.73585,22.98190,19.02800,0.00077,0.97277,0.04099,0.04016,0.00113,0.55308
001,eval_signal_neg_58_5GeV,0.66000,5.00000,21.44623,21.44623,0.00103,0.97819,0.03023,0.02725,0.00087,0.58955,20.91099,20.91099,0.00107,0.97673,0.02406,0.02087,0.00113,0.55823,30.83503,29.82377,0.00097,0.99787,37.13068,30.32561,0.00067,0.99774,0.05074,0.04673,0.00093,0.73670,11.59749,9.90763,0.00077,0.94221,0.02406,0.02087,0.00113,0.55823
001,eval_signal_neg_24_5GeV,1.00000,5.00000,0.06688,0.06688,0.00103,0.74487,0.03737,0.03368,0.00087,0.59146,0.07348,0.07348,0.00107,0.73568,0.02495,0.02277,0.00113,0.55997,12.48389,12.07447,0.00097,0.97564,15.55042,12.80027,0.00067,0.97561,0.05204,0.04794,0.00093,0.73836,0.01553,0.01581,0.00077,0.58523,0.02495,0.02277,0.00113,0.55997
001,eval_signal_neg_20_5GeV,1.04000,5.00000,0.94850,0.94850,0.00103,0.93804,0.00102,0.00092,0.00087,0.19130,1.03246,1.03246,0.00107,0.93589,0.00089,0.00095,0.00113,0.20440,10.83455,10.47923,0.00097,0.97664,10.99501,9.05834,0.00067,0.95597,0.00000,0.00000,0.00093,0.20788,0.15024,0.15458,0.00077,0.90364,0.00089,0.00095,0.00113,0.20440
001,eval_signal_neg_16_5GeV,1.08000,5.00000,16.61788,16.61788,0.00103,0.99690,0.12534,0.11298,0.00087,0.34142,16.04079,16.04079,0.00107,0.99695,0.12238,0.12744,0.00113,0.40251,8.41587,8.14017,0.00097,0.95466,9.71344,8.02301,0.00067,0.94774,0.00000,0.00000,0.00093,0.23133,3.58666,3.93219,0.00077,0.99100,0.12238,0.12744,0.00113,0.40251
001,eval_signal_neg_8_5GeV,1.16000,5.00000,13.60657,13.60657,0.00103,0.99589,11.20615,10.10108,0.00087,0.67584,10.92626,10.92626,0.00107,0.99529,10.31961,10.80867,0.00113,0.69804,6.17633,5.97595,0.00097,0.89184,8.90825,7.37000,0.00067,0.93089,0.00000,0.00000,0.00093,0.54677,3.70800,3.93132,0.00077,0.98883,10.31961,10.80867,0.00113,0.69804
001,eval_signal_zero_5GeV,1.24000,5.00000,10.42292,10.42292,0.00103,0.99481,24.49930,22.08337,0.00087,0.90581,6.33224,6.33224,0.00107,0.99295,21.74453,23.04320,0.00113,0.91622,4.38998,4.31600,0.00097,0.83202,8.54961,7.30012,0.00067,0.92326,0.00000,0.00000,0.00093,0.78957,1.94194,2.29327,0.00077,0.98704,21.74453,23.04320,0.00113,0.91622
001,eval_signal_neg_91_0.5GeV,0.33000,0.50000,0.07435,0.07435,0.00103,0.68919,0.02616,0.02358,0.00087,0.58426,0.08022,0.08022,0.00107,0.68116,0.02079,0.01866,0.00113,0.55419,5.40280,5.22624,0.00097,0.92178,6.83388,5.65099,0.00067,0.92298,0.03601,0.03317,0.00093,0.72988,0.02456,0.02430,0.00077,0.58244,0.02079,0.01866,0.00113,0.55419
001,eval_signal_neg_58_0.5GeV,0.66000,0.50000,0.01742,0.01742,0.00103,0.54304,0.02616,0.02358,0.00087,0.58587,0.01990,0.01990,0.00107,0.53646,0.01990,0.01802,0.00113,0.55555,1.32642,1.28292,0.00097,0.83314,1.70953,1.42745,0.00067,0.84186,0.03993,0.03678,0.00093,0.73155,0.01047,0.00995,0.00077,0.45735,0.01990,0.01802,0.00113,0.55555
001,eval_signal_neg_24_0.5GeV,1.00000,0.50000,0.00902,0.00902,0.00103,0.35714,0.02480,0.02235,0.00087,0.58404,0.00919,0.00919,0.00107,0.35418,0.01456,0.01360,0.00113,0.55400,0.01994,0.01960,0.00097,0.56239,0.02363,0.01961,0.00067,0.59284,0.04288,0.03950,0.00093,0.72953,0.00506,0.00498,0.00077,0.34131,0.01456,0.01360,0.00113,0.55400
001,eval_signal_neg_20_0.5GeV,1.04000,0.50000,0.06564,0.06564,0.00103,0.87386,0.00204,0.00184,0.00087,0.18873,0.06889,0.06889,0.00107,0.87312,0.00208,0.00221,0.00113,0.20207,0.01962,0.01929,0.00097,0.56835,0.01510,0.01360,0.00067,0.45425,0.00000,0.00000,0.00093,0.20390,0.04984,0.04889,0.00077,0.87287,0.00208,0.00221,0.00113,0.20207
001,eval_signal_neg_16_0.5GeV,1.08000,0.50000,1.42166,1.42166,0.00103,0.98666,0.14538,0.13105,0.00087,0.34721,1.33926,1.33926,0.00107,0.98602,0.14288,0.14546,0.00113,0.40837,0.02991,0.02924,0.00097,0.53627,0.02943,0.02530,0.00067,0.52765,0.00000,0.00000,0.00093,0.23565,1.14631,1.24544,0.00077,0.98553,0.14288,0.14546,0.00113,0.40837
001,eval_signal_neg_8_0.5GeV,1.16000,0.50000,1.69822,1.69822,0.00103,0.98540,11.45242,10.32307,0.00087,0.68109,0.99633,0.99633,0.00107,0.98286,10.53943,11.04204,0.00113,0.70292,0.03924,0.03889,0.00097,0.48705,0.06390,0.05629,0.00067,0.59223,0.00000,0.00000,0.00093,0.55037,1.12681,1.27501,0.00077,0.98282,10.53943,11.04204,0.00113,0.70292
001,eval_signal_zero_0.5GeV,1.24000,0.50000,0.94788,0.94788,0.00103,0.98417,24.47213,22.05888,0.00087,0.90707,0.48408,0.48408,0.00107,0.97936,21.71780,23.00589,0.00113,0.91714,0.08169,0.08462,0.00097,0.45465,0.19830,0.22073,0.00067,0.66566,0.00033,0.00030,0.00093,0.79221,0.47276,0.56212,0.00077,0.97989,21.71780,23.00589,0.00113,0.91714
001,eval_signal_neg_91_0.05GeV,0.33000,0.05000,0.00529,0.00529,0.00103,0.35138,0.02344,0.02113,0.00087,0.58240,0.00521,0.00521,0.00107,0.34863,0.01812,0.01739,0.00113,0.55275,0.01544,0.01524,0.00097,0.53843,0.01859,0.01581,0.00067,0.57008,0.03830,0.03528,0.00093,0.72698,0.00325,0.00322,0.00077,0.33957,0.01812,0.01739,0.00113,0.55275
001,eval_signal_neg_58_0.05GeV,0.66000,0.05000,0.00684,0.00684,0.00103,0.34623,0.03363,0.03031,0.00087,0.58340,0.00643,0.00643,0.00107,0.34351,0.02376,0.02150,0.00113,0.55354,0.01447,0.01431,0.00097,0.52164,0.01627,0.01486,0.00067,0.55485,0.04648,0.04281,0.00093,0.72808,0.00325,0.00351,0.00077,0.33701,0.02376,0.02150,0.00113,0.55354
001,eval_signal_neg_24_0.05GeV,1.00000,0.05000,0.00498,0.00498,0.00103,0.34111,0.03023,0.02725,0.00087,0.58344,0.00521,0.00521,0.00107,0.33856,0.02139,0.02087,0.00113,0.55363,0.01447,0.01400,0.00097,0.50906,0.01588,0.01360,0.00067,0.54337,0.03830,0.03528,0.00093,0.72847,0.00253,0.00263,0.00077,0.33388,0.02139,0.02087,0.00113,0.55363
001,eval_signal_neg_20_0.05GeV,1.04000,0.05000,0.06253,0.06253,0.00103,0.86888,0.00238,0.00214,0.00087,0.18827,0.06522,0.06522,0.00107,0.86842,0.00238,0.00253,0.00113,0.20152,0.01576,0.01524,0.00097,0.50031,0.01317,0.01233,0.00067,0.39070,0.00000,0.00000,0.00093,0.20359,0.04695,0.04948,0.00077,0.87095,0.00238,0.00253,0.00113,0.20152
001,eval_signal_neg_16_0.05GeV,1.08000,0.05000,1.25367,1.25367,0.00103,0.98565,0.15693,0.14146,0.00087,0.34741,1.17820,1.17820,0.00107,0.98490,0.15654,0.16254,0.00113,0.40843,0.01833,0.01867,0.00097,0.49514,0.01898,0.01676,0.00067,0.48868,0.00000,0.00000,0.00093,0.23662,1.06975,1.17986,0.00077,0.98491,0.15654,0.16254,0.00113,0.40843
001,eval_signal_neg_8_0.05GeV,1.16000,0.05000,1.45464,1.45464,0.00103,0.98450,11.40384,10.27928,0.00087,0.68149,0.87110,0.87110,0.00107,0.98180,10.50764,11.00820,0.00113,0.70350,0.02830,0.02738,0.00097,0.46198,0.04609,0.04143,0.00067,0.56881,0.00000,0.00000,0.00093,0.55101,1.01160,1.12716,0.00077,0.98217,10.50764,11.00820,0.00113,0.70350
001,eval_signal_zero_0.05GeV,1.24000,0.05000,0.79949,0.79949,0.00103,0.98307,24.48877,22.07388,0.00087,0.90864,0.41274,0.41274,0.00107,0.97800,21.74542,23.03277,0.00113,0.91867,0.06336,0.06471,0.00097,0.44145,0.16499,0.17709,0.00067,0.65495,0.00033,0.00030,0.00093,0.79291,0.40522,0.48629,0.00077,0.97879,21.74542,23.03277,0.00113,0.91867
001,eval_signal_neg_91_low,0.33000,0.00500,0.00498,0.00498,0.00103,0.34229,0.02717,0.02449,0.00087,0.58358,0.00551,0.00551,0.00107,0.33972,0.01842,0.01739,0.00113,0.55371,0.01415,0.01431,0.00097,0.50892,0.01704,0.01486,0.00067,0.54327,0.04255,0.03920,0.00093,0.72871,0.00253,0.00263,0.00077,0.33528,0.01842,0.01739,0.00113,0.55371
001,eval_signal_neg_58_low,0.66000,0.00500,0.00715,0.00715,0.00103,0.34290,0.02717,0.02449,0.00087,0.58216,0.00704,0.00704,0.00107,0.34037,0.01842,0.01613,0.00113,0.55241,0.01480,0.01493,0.00097,0.50707,0.01743,0.01550,0.00067,0.54095,0.04353,0.04010,0.00093,0.72679,0.00361,0.00351,0.00077,0.33606,0.01842,0.01613,0.00113,0.55241
001,eval_signal_neg_24_low,1.00000,0.00500,0.00840,0.00840,0.00103,0.34128,0.02650,0.02388,0.00087,0.58441,0.00827,0.00827,0.00107,0.33869,0.01901,0.01771,0.00113,0.55424,0.01480,0.01431,0.00097,0.50679,0.01820,0.01518,0.00067,0.54128,0.03993,0.03678,0.00093,0.72985,0.00397,0.00439,0.00077,0.33423,0.01901,0.01771,0.00113,0.55424
001,eval_signal_neg_20_low,1.04000,0.00500,0.05848,0.05848,0.00103,0.86928,0.00238,0.00214,0.00087,0.18796,0.06216,0.06216,0.00107,0.86881,0.00267,0.00253,0.00113,0.20108,0.01254,0.01244,0.00097,0.49584,0.00891,0.00885,0.00067,0.38705,0.00000,0.00000,0.00093,0.20360,0.05273,0.05328,0.00077,0.87145,0.00267,0.00253,0.00113,0.20108
001,eval_signal_neg_16_low,1.08000,0.00500,1.24185,1.24185,0.00103,0.98551,0.14131,0.12737,0.00087,0.34582,1.17177,1.17177,0.00107,0.98475,0.13991,0.14452,0.00113,0.40706,0.02058,0.02146,0.00097,0.49610,0.01936,0.01866,0.00067,0.48905,0.00000,0.00000,0.00093,0.23460,1.06000,1.16230,0.00077,0.98474,0.13991,0.14452,0.00113,0.40706
001,eval_signal_neg_8_low,1.16000,0.00500,1.49041,1.49041,0.00103,0.98455,11.44189,10.31358,0.00087,0.68186,0.87906,0.87906,0.00107,0.98187,10.53052,11.02971,0.00113,0.70391,0.02605,0.02551,0.00097,0.46006,0.04260,0.03731,0.00067,0.56714,0.00000,0.00000,0.00093,0.54839,0.99029,1.12043,0.00077,0.98228,10.53052,11.02971,0.00113,0.70391
001,eval_signal_zero_low,1.24000,0.00500,0.81847,0.81847,0.00103,0.98301,24.51663,22.09899,0.00087,0.90762,0.42254,0.42254,0.00107,0.97795,21.75849,23.05522,0.00113,0.91786,0.07269,0.07559,0.00097,0.43777,0.19365,0.19859,0.00067,0.65071,0.00000,0.00000,0.00093,0.79257,0.40341,0.48805,0.00077,0.97880,21.75849,23.05522,0.00113,0.91786
002,eval_signal_neg_91_5GeV,0.33000,5.00000,34.64681,27.18367,0.00073,0.99267,0.00822,0.00822,0.00100,0.59467,33.84588,29.63529,0.00077,0.99227,0.00940,0.00980,0.00123,0.56669,34.03022,29.94260,0.00080,0.99835,35.49836,30.39929,0.00073,0.99846,0.04172,0.03671,0.00080,0.59266,24.42001,27.43490,0.00137,0.98517,0.07745,0.08190,0.00123,0.56808
002,eval_signal_neg_58_5GeV,0.66000,5.00000,31.00281,24.49437,0.00073,0.98736,0.00285,0.00285,0.00100,0.59984,30.19530,26.43885,0.00077,0.98657,0.00456,0.00285,0.00123,0.57216,34.12073,30.02224,0.00080,0.99611,35.61209,30.49637,0.00073,0.99653,0.03323,0.02924,0.00080,0.59051,20.29812,22.46182,0.00137,0.97109,0.00456,0.00285,0.00123,0.57216
002,eval_signal_neg_24_5GeV,1.00000,5.00000,0.71602,0.82734,0.00073,0.80533,0.00632,0.00632,0.00100,0.60121,0.61866,0.54201,0.00077,0.79627,0.00740,0.00632,0.00123,0.57361,16.37235,14.40606,0.00080,0.96684,17.16720,14.70175,0.00073,0.97000,0.03465,0.03049,0.00080,0.59015,0.37383,0.33160,0.00137,0.67087,0.00740,0.00632,0.00123,0.57361
002,eval_signal_neg_20_5GeV,1.04000,5.00000,2.59969,3.00482,0.00073,0.95251,0.00032,0.00032,0.00100,0.32385,2.62092,2.29581,0.00077,0.95039,0.00028,0.00032,0.00123,0.34820,23.45862,20.64115,0.00080,0.98373,22.63357,19.38318,0.00073,0.97846,0.00071,0.00062,0.00080,0.16215,0.77823,0.67637,0.00137,0.91443,0.00028,0.00032,0.00123,0.34820
002,eval_signal_neg_16_5GeV,1.08000,5.00000,26.62838,24.29779,0.00073,0.99820,0.04490,0.04490,0.00100,0.35754,25.20916,22.07333,0.00077,0.99822,0.04670,0.05091,0.00123,0.38105,24.07416,21.18368,0.00080,0.98764,23.45705,20.08900,0.00073,0.98296,0.00035,0.00031,0.00080,0.30197,9.91088,8.89624,0.00137,0.99251,0.04670,0.05091,0.00123,0.38105
002,eval_signal_neg_8_5GeV,1.16000,5.00000,21.83446,21.60531,0.00073,0.99748,6.84728,6.84728,0.00100,0.56093,18.74552,16.41696,0.00077,0.99716,6.77186,7.45191,0.00123,0.54926,17.67060,15.54992,0.00080,0.96304,19.02022,16.29016,0.00073,0.97083,0.00000,0.00000,0.00080,0.54073,8.70364,7.93359,0.00137,0.99074,6.77186,7.45191,0.00123,0.54926
002,eval_signal_zero_5GeV,1.24000,5.00000,19.22000,18.95701,0.00073,0.99678,23.10740,23.10771,0.00100,0.85263,13.66042,12.08781,0.00077,0.99563,21.35036,23.65320,0.00123,0.85439,13.34876,11.76868,0.00080,0.94823,20.38321,17.52598,0.00073,0.97991,0.00318,0.00311,0.00080,0.24774,7.22210,6.40388,0.00137,0.98916,21.35036,23.65320,0.00123,0.85439
002,eval_signal_neg_91_0.5GeV,0.33000,0.50000,0.55280,0.73785,0.00073,0.73936,0.00474,0.00474,0.00100,0.59498,0.45325,0.39718,0.00077,0.73001,0.00484,0.00506,0.00123,0.56937,6.11612,5.38178,0.00080,0.86647,6.42501,5.50236,0.00073,0.88158,0.03748,0.03298,0.00080,0.57894,0.42766,0.38059,0.00137,0.65121,0.00484,0.00506,0.00123,0.56937
002,eval_signal_neg_58_0.5GeV,0.66000,0.50000,0.05170,0.08227,0.00073,0.57383,0.00285,0.00285,0.00100,0.59631,0.04226,0.03700,0.00077,0.56225,0.00370,0.00285,0.00123,0.57034,2.53675,2.23204,0.00080,0.76729,2.62591,2.24870,0.00073,0.79795,0.03005,0.02644,0.00080,0.58080,0.06357,0.05358,0.00137,0.49581,0.00370,0.00285,0.00123,0.57034
002,eval_signal_neg_24_0.5GeV,1.00000,0.50000,0.00886,0.00981,0.00073,0.36621,0.00348,0.00348,0.00100,0.59494,0.00831,0.00727,0.00077,0.35548,0.00399,0.00348,0.00123,0.56932,0.03642,0.03204,0.00080,0.56738,0.03545,0.03067,0.00073,0.62771,0.03111,0.02738,0.00080,0.57841,0.00595,0.00490,0.00137,0.34187,0.00399,0.00348,0.00123,0.56932
002,eval_signal_neg_20_0.5GeV,1.04000,0.50000,0.05871,0.09353,0.00073,0.87591,0.00095,0.00095,0.00100,0.32031,0.05526,0.04902,0.00077,0.87317,0.00085,0.00095,0.00123,0.34536,0.04525,0.03982,0.00080,0.59504,0.03287,0.02846,0.00073,0.56104,0.00000,0.00000,0.00080,0.15717,0.07493,0.06154,0.00137,0.87192,0.00085,0.00095,0.00123,0.34536
002,eval_signal_neg_16_0.5GeV,1.08000,0.50000,1.14844,2.06951,0.00073,0.98644,0.05850,0.05850,0.00100,0.36508,0.95779,0.83895,0.00077,0.98576,0.06435,0.07020,0.00123,0.38583,0.07283,0.06408,0.00080,0.57795,0.05798,0.04965,0.00073,0.56867,0.00000,0.00000,0.00080,0.32084,2.03390,1.54716,0.00137,0.98475,0.06435,0.07020,0.00123,0.38583
002,eval_signal_neg_8_0.5GeV,1.16000,0.50000,1.44460,2.62954,0.00073,0.98477,7.01678,7.01678,0.00100,0.56560,0.74940,0.65649,0.00077,0.98262,6.92506,7.61888,0.00123,0.55463,0.11703,0.10359,0.00080,0.47062,0.30650,0.26373,0.00073,0.54681,0.00000,0.00031,0.00080,0.53371,2.19376,1.65984,0.00137,0.98293,6.92506,7.61888,0.00123,0.55463
002,eval_signal_zero_0.5GeV,1.24000,0.50000,1.08124,2.16073,0.00073,0.98491,23.23167,23.23357,0.00100,0.85483,0.42689,0.37916,0.00077,0.98004,21.44660,23.75187,0.00123,0.85655,0.35744,0.31980,0.00080,0.52246,1.33123,1.17795,0.00073,0.74270,0.00601,0.00529,0.00080,0.24718,0.93242,0.67085,0.00137,0.97955,21.44660,23.75187,0.00123,0.85655
002,eval_signal_neg_91_0.05GeV,0.33000,0.05000,0.00702,0.00606,0.00073,0.36038,0.00379,0.00379,0.00100,0.59335,0.00650,0.00569,0.00077,0.34977,0.00427,0.00379,0.00123,0.56830,0.03076,0.02706,0.00080,0.53694,0.03102,0.02656,0.00073,0.60083,0.03924,0.03453,0.00080,0.57524,0.00325,0.00306,0.00137,0.34093,0.00427,0.00379,0.00123,0.56830
002,eval_signal_neg_58_0.05GeV,0.66000,0.05000,0.00554,0.00635,0.00073,0.35500,0.00474,0.00474,0.00100,0.59445,0.00542,0.00474,0.00077,0.34441,0.00484,0.00474,0.00123,0.56898,0.02899,0.02582,0.00080,0.51993,0.02991,0.02625,0.00073,0.58635,0.03359,0.02955,0.00080,0.57825,0.00487,0.00459,0.00137,0.33806,0.00484,0.00474,0.00123,0.56898
002,eval_signal_neg_24_0.05GeV,1.00000,0.05000,0.00591,0.00577,0.00073,0.35013,0.00285,0.00285,0.00100,0.59410,0.00578,0.00506,0.00077,0.33964,0.00370,0.00285,0.00123,0.56892,0.02687,0.02364,0.00080,0.50213,0.02659,0.02372,0.00073,0.57093,0.02652,0.02333,0.00080,0.57667,0.00352,0.00276,0.00137,0.33591,0.00370,0.00285,0.00123,0.56892
002,eval_signal_neg_20_0.05GeV,1.04000,0.05000,0.05465,0.08025,0.00073,0.87117,0.00158,0.00158,0.00100,0.32034,0.05273,0.04649,0.00077,0.86850,0.00199,0.00221,0.00123,0.34530,0.03147,0.02769,0.00080,0.51667,0.02474,0.02150,0.00073,0.48971,0.00000,0.00000,0.00080,0.15712,0.07709,0.06369,0.00137,0.87049,0.00199,0.00221,0.00123,0.34530
002,eval_signal_neg_16_0.05GeV,1.08000,0.05000,1.01883,1.82933,0.00073,0.98550,0.06325,0.06325,0.00100,0.36493,0.85594,0.74946,0.00077,0.98476,0.06891,0.07526,0.00123,0.38544,0.05551,0.04915,0.00080,0.53691,0.04173,0.03605,0.00073,0.53112,0.00000,0.00000,0.00080,0.32218,1.94571,1.49817,0.00137,0.98425,0.06891,0.07526,0.00123,0.38544
002,eval_signal_neg_8_0.05GeV,1.16000,0.05000,1.27400,2.33711,0.00073,0.98398,7.00950,7.00950,0.00100,0.56666,0.68512,0.59988,0.00077,0.98174,6.91196,7.61635,0.00123,0.55553,0.10006,0.08928,0.00080,0.43560,0.26366,0.22705,0.00073,0.51666,0.00035,0.00062,0.00080,0.53365,2.04715,1.54930,0.00137,0.98252,6.91196,7.61635,0.00123,0.55553
002,eval_signal_zero_0.05GeV,1.24000,0.05000,0.92762,1.86398,0.00073,0.98392,23.30630,23.30788,0.00100,0.85560,0.35791,0.31907,0.00077,0.97884,21.53203,23.85464,0.00123,0.85787,0.29416,0.26380,0.00080,0.49554,1.15952,1.02616,0.00073,0.72584,0.00247,0.00311,0.00080,0.24465,0.82151,0.57869,0.00137,0.97878,21.53203,23.85464,0.00123,0.85787
002,eval_signal_neg_91_low,0.33000,0.00500,0.00517,0.00548,0.00073,0.35115,0.00443,0.00443,0.00100,0.59447,0.00470,0.00411,0.00077,0.34064,0.00484,0.00443,0.00123,0.56901,0.03076,0.02706,0.00080,0.50418,0.03102,0.02688,0.00073,0.57273,0.03500,0.03080,0.00080,0.57800,0.00379,0.00367,0.00137,0.33679,0.00484,0.00443,0.00123,0.56901
002,eval_signal_neg_58_low,0.66000,0.00500,0.00812,0.00664,0.00073,0.35146,0.00253,0.00253,0.00100,0.59359,0.00758,0.00664,0.00077,0.34094,0.00313,0.00253,0.00123,0.56829,0.02546,0.02240,0.00080,0.50101,0.02585,0.02245,0.00073,0.56958,0.03571,0.03142,0.00080,0.57629,0.00325,0.00337,0.00137,0.33763,0.00313,0.00253,0.00123,0.56829
002,eval_signal_neg_24_low,1.00000,0.00500,0.01034,0.00895,0.00073,0.34984,0.00443,0.00443,0.00100,0.59571,0.00939,0.00854,0.00077,0.33927,0.00513,0.00443,0.00123,0.56969,0.03182,0.02800,0.00080,0.49844,0.03139,0.02720,0.00073,0.56788,0.03288,0.02893,0.00080,0.58029,0.00433,0.00459,0.00137,0.33614,0.00513,0.00443,0.00123,0.56969
002,eval_signal_neg_20_low,1.04000,0.00500,0.05354,0.07794,0.00073,0.87151,0.00063,0.00063,0.00100,0.32015,0.05201,0.04554,0.00077,0.86884,0.00085,0.00095,0.00123,0.34506,0.03182,0.02800,0.00080,0.51023,0.02474,0.02182,0.00073,0.48418,0.00000,0.00000,0.00080,0.15786,0.07195,0.05971,0.00137,0.87094,0.00085,0.00095,0.00123,0.34506
002,eval_signal_neg_16_low,1.08000,0.00500,1.02178,1.80970,0.00073,0.98532,0.04902,0.04902,0.00100,0.36299,0.85197,0.74630,0.00077,0.98459,0.05410,0.05945,0.00123,0.38419,0.05480,0.04884,0.00080,0.53893,0.04136,0.03637,0.00073,0.53182,0.00000,0.00000,0.00080,0.31692,1.94734,1.49633,0.00137,0.98406,0.05410,0.05945,0.00123,0.38419
002,eval_signal_neg_8_low,1.16000,0.00500,1.27732,2.32528,0.00073,0.98403,7.03322,7.03322,0.00100,0.56512,0.68150,0.59735,0.00077,0.98181,6.95809,7.66188,0.00123,0.55468,0.09263,0.08213,0.00080,0.43804,0.26145,0.22515,0.00073,0.51857,0.00000,0.00000,0.00080,0.53233,2.05662,1.56798,0.00137,0.98258,6.95809,7.66188,0.00123,0.55468
002,eval_signal_zero_low,1.24000,0.00500,0.94091,1.87264,0.00073,0.98392,23.27942,23.28132,0.00100,0.85484,0.37452,0.33552,0.00077,0.97884,21.49558,23.80626,0.00123,0.85669,0.30865,0.27656,0.00080,0.49653,1.18759,1.05082,0.00073,0.72464,0.00389,0.00404,0.00080,0.24568,0.82800,0.59155,0.00137,0.97875,21.49558,23.80626,0.00123,0.85669
003,eval_signal_neg_91_5GeV,0.33000,5.00000,25.45418,25.45418,0.00107,0.98573,0.02184,0.01644,0.00057,0.49394,25.96195,25.96195,0.00103,0.98523,0.01309,0.01244,0.00093,0.48042,31.82033,28.35614,0.00090,0.99822,31.66733,30.04227,0.00090,0.99814,0.02078,0.02178,0.00083,0.59998,16.27960,14.97473,0.00093,0.96675,0.01309,0.01244,0.00093,0.48042
003,eval_signal_neg_58_5GeV,0.66000,5.00000,14.93086,14.93086,0.00107,0.97494,0.01302,0.01012,0.00057,0.49712,15.48273,15.48273,0.00103,0.97415,0.00687,0.00684,0.00093,0.48346,31.72767,28.27356,0.00090,0.99616,31.62933,30.00622,0.00090,0.99609,0.02252,0.02800,0.00083,0.59984,2.87655,3.02965,0.00093,0.93168,0.00687,0.00684,0.00093,0.48346
003,eval_signal_neg_24_5GeV,1.00000,5.00000,0.05266,0.05266,0.00107,0.75158,0.01596,0.01202,0.00057,0.49740,0.05413,0.05413,0.00103,0.74240,0.00982,0.00933,0.00093,0.48403,13.08333,11.65958,0.00090,0.97752,11.66633,11.06766,0.00090,0.97601,0.02598,0.02893,0.00083,0.59864,0.00720,0.00808,0.00093,0.59517,0.00982,0.00933,0.00093,0.48403
003,eval_signal_neg_20_5GeV,1.04000,5.00000,1.25506,1.25506,0.00107,0.94262,0.00000,0.00000,0.00057,0.63771,1.28447,1.28447,0.00103,0.93855,0.00000,0.00000,0.00093,0.66506,18.18467,16.20525,0.00090,0.98609,18.32600,17.38620,0.00090,0.98903,0.00000,0.00000,0.00083,0.31872,0.10769,0.14030,0.00093,0.89742,0.00000,0.00000,0.00093,0.66506
003,eval_signal_neg_16_5GeV,1.08000,5.00000,17.68011,17.68011,0.00107,0.99729,0.00042,0.00032,0.00057,0.65480,18.21966,18.21966,0.00103,0.99726,0.00033,0.00031,0.00093,0.65526,17.34433,15.45759,0.00090,0.98795,17.41533,16.52322,0.00090,0.99027,0.00000,0.00000,0.00083,0.51385,2.55380,3.37577,0.00093,0.98918,0.00033,0.00031,0.00093,0.65526
003,eval_signal_neg_8_5GeV,1.16000,5.00000,11.16294,11.16294,0.00107,0.99539,0.00000,0.00000,0.00057,0.36447,13.33530,13.33530,0.00103,0.99588,0.00000,0.00000,0.00093,0.42803,14.23800,12.69151,0.00090,0.97240,12.63733,11.99104,0.00090,0.96542,0.00000,0.00000,0.00083,0.21325,2.50307,3.24355,0.00093,0.98650,0.00000,0.00000,0.00093,0.42803
003,eval_signal_zero_5GeV,1.24000,5.00000,4.80988,4.80988,0.00107,0.99121,0.00000,0.00000,0.00057,0.16866,7.61413,7.61413,0.00103,0.99320,0.00000,0.00000,0.00093,0.22831,11.94433,10.81865,0.00090,0.95829,8.33667,8.06982,0.00090,0.93101,0.00000,0.00000,0.00083,0.02215,1.08214,1.54008,0.00093,0.98264,0.00000,0.00000,0.00093,0.22831
003,eval_signal_neg_91_0.5GeV,0.33000,0.50000,0.01990,0.01990,0.00107,0.69182,0.01260,0.00949,0.00057,0.49618,0.01991,0.01991,0.00103,0.68200,0.00786,0.00747,0.00093,0.48680,5.12100,4.56498,0.00090,0.91906,4.30067,4.08092,0.00090,0.91736,0.01455,0.01773,0.00083,0.58384,0.00556,0.00491,0.00093,0.58953,0.00786,0.00747,0.00093,0.48680
003,eval_signal_neg_58_0.5GeV,0.66000,0.50000,0.01072,0.01072,0.00107,0.55178,0.01092,0.00822,0.00057,0.49675,0.01120,0.01120,0.00103,0.53955,0.00687,0.00653,0.00093,0.48650,1.01067,0.90153,0.00090,0.80762,0.84500,0.80164,0.00090,0.80913,0.02182,0.02395,0.00083,0.58681,0.00524,0.00693,0.00093,0.46883,0.00687,0.00653,0.00093,0.48650
003,eval_signal_neg_24_0.5GeV,1.00000,0.50000,0.00857,0.00857,0.00107,0.36836,0.00924,0.00727,0.00057,0.49697,0.00840,0.00840,0.00103,0.35446,0.00556,0.00529,0.00093,0.48733,0.01633,0.01456,0.00090,0.55641,0.01467,0.01455,0.00090,0.58281,0.01801,0.02146,0.00083,0.58370,0.00491,0.00520,0.00093,0.34131,0.00556,0.00529,0.00093,0.48733
003,eval_signal_neg_20_0.5GeV,1.04000,0.50000,0.06522,0.06522,0.00107,0.88162,0.00042,0.00063,0.00057,0.64106,0.06626,0.06626,0.00103,0.87328,0.00000,0.00000,0.00093,0.66767,0.02167,0.02079,0.00090,0.61139,0.02367,0.02308,0.00090,0.69846,0.00000,0.00000,0.00083,0.32089,0.04452,0.05427,0.00093,0.87221,0.00000,0.00000,0.00093,0.66767
003,eval_signal_neg_16_0.5GeV,1.08000,0.50000,1.17086,1.17086,0.00107,0.98638,0.00000,0.00032,0.00057,0.65218,1.23190,1.23190,0.00103,0.98578,0.00000,0.00000,0.00093,0.65178,0.05200,0.04693,0.00090,0.63037,0.05133,0.04933,0.00090,0.70622,0.00000,0.00000,0.00083,0.52324,1.13615,1.50429,0.00093,0.98495,0.00000,0.00000,0.00093,0.65178
003,eval_signal_neg_8_0.5GeV,1.16000,0.50000,0.69076,0.69076,0.00107,0.98190,0.00000,0.00000,0.00057,0.36065,0.98583,0.98583,0.00103,0.98269,0.00000,0.00000,0.00093,0.42476,0.09200,0.08466,0.00090,0.60367,0.06233,0.06040,0.00090,0.60664,0.00000,0.00000,0.00083,0.20848,1.12895,1.51872,0.00093,0.98175,0.00000,0.00000,0.00093,0.42476
003,eval_signal_zero_0.5GeV,1.24000,0.50000,0.30159,0.30159,0.00107,0.97601,0.00000,0.00000,0.00057,0.16760,0.51640,0.51640,0.00103,0.97918,0.00000,0.00000,0.00093,0.22634,0.41933,0.43873,0.00090,0.66517,0.18733,0.20017,0.00090,0.57702,0.00000,0.00000,0.00083,0.02180,0.37119,0.52308,0.00093,0.97669,0.00000,0.00000,0.00093,0.22634
003,eval_signal_neg_91_0.05GeV,0.33000,0.05000,0.00521,0.00521,0.00107,0.36254,0.01134,0.00854,0.00057,0.49714,0.00560,0.00560,0.00103,0.34858,0.00655,0.00622,0.00093,0.48839,0.01233,0.01099,0.00090,0.52526,0.01100,0.01107,0.00090,0.55728,0.01628,0.02209,0.00083,0.58032,0.00360,0.00318,0.00093,0.34035,0.00655,0.00622,0.00093,0.48839
003,eval_signal_neg_58_0.05GeV,0.66000,0.05000,0.00459,0.00459,0.00107,0.35746,0.01302,0.00980,0.00057,0.49650,0.00467,0.00467,0.00103,0.34356,0.00851,0.00809,0.00093,0.48729,0.01167,0.01129,0.00090,0.51133,0.01100,0.01138,0.00090,0.54537,0.01871,0.02115,0.00083,0.58352,0.00426,0.00462,0.00093,0.33728,0.00851,0.00809,0.00093,0.48729
003,eval_signal_neg_24_0.05GeV,1.00000,0.05000,0.00521,0.00521,0.00107,0.35296,0.00966,0.00727,0.00057,0.49635,0.00529,0.00529,0.00103,0.33903,0.00655,0.00622,0.00093,0.48741,0.01467,0.01366,0.00090,0.50011,0.01400,0.01360,0.00090,0.53586,0.01524,0.01711,0.00083,0.58216,0.00295,0.00289,0.00093,0.33431,0.00655,0.00622,0.00093,0.48741
003,eval_signal_neg_20_0.05GeV,1.04000,0.05000,0.06154,0.06154,0.00107,0.87756,0.00000,0.00000,0.00057,0.64107,0.06408,0.06408,0.00103,0.86897,0.00000,0.00000,0.00093,0.66753,0.02133,0.01931,0.00090,0.54504,0.02167,0.02087,0.00090,0.64612,0.00000,0.00000,0.00083,0.32196,0.05074,0.06524,0.00093,0.87048,0.00000,0.00000,0.00093,0.66753
003,eval_signal_neg_16_0.05GeV,1.08000,0.05000,1.03736,1.03736,0.00107,0.98544,0.00000,0.00000,0.00057,0.65194,1.09191,1.09191,0.00103,0.98477,0.00000,0.00000,0.00093,0.65167,0.03400,0.03238,0.00090,0.57954,0.03733,0.03668,0.00090,0.66476,0.00000,0.00000,0.00083,0.52308,1.10211,1.45290,0.00093,0.98457,0.00000,0.00000,0.00093,0.65167
003,eval_signal_neg_8_0.05GeV,1.16000,0.05000,0.62217,0.62217,0.00107,0.98099,0.00000,0.00000,0.00057,0.35993,0.88846,0.88846,0.00103,0.98177,0.00000,0.00000,0.00093,0.42404,0.06367,0.06089,0.00090,0.56651,0.04267,0.04332,0.00090,0.57373,0.00000,0.00000,0.00083,0.20753,1.05236,1.43096,0.00093,0.98139,0.00000,0.00000,0.00093,0.42404
003,eval_signal_zero_0.05GeV,1.24000,0.05000,0.26240,0.26240,0.00107,0.97488,0.00000,0.00000,0.00057,0.16751,0.44921,0.44921,0.00103,0.97807,0.00000,0.00000,0.00093,0.22663,0.32000,0.33120,0.00090,0.63657,0.13900,0.14610,0.00090,0.54911,0.00000,0.00000,0.00083,0.02128,0.33649,0.47285,0.00093,0.97610,0.00000,0.00000,0.00093,0.22663
003,eval_signal_neg_91_low,0.33000,0.00500,0.00582,0.00582,0.00107,0.35422,0.01218,0.00917,0.00057,0.49702,0.00622,0.00622,0.00103,0.34019,0.00622,0.00591,0.00093,0.48758,0.01267,0.01129,0.00090,0.50119,0.01233,0.01170,0.00090,0.53691,0.01316,0.01649,0.00083,0.58283,0.00360,0.00433,0.00093,0.33547,0.00622,0.00591,0.00093,0.48758
003,eval_signal_neg_58_low,0.66000,0.00500,0.00551,0.00551,0.00107,0.35458,0.01092,0.00854,0.00057,0.49794,0.00560,0.00560,0.00103,0.34055,0.00556,0.00529,0.00093,0.48856,0.01533,0.01366,0.00090,0.49543,0.01333,0.01265,0.00090,0.53255,0.01801,0.01960,0.00083,0.58167,0.00360,0.00346,0.00093,0.33663,0.00556,0.00529,0.00093,0.48856
003,eval_signal_neg_24_low,1.00000,0.00500,0.00643,0.00643,0.00107,0.35254,0.01134,0.00854,0.00057,0.49717,0.00715,0.00715,0.00103,0.33852,0.00687,0.00653,0.00093,0.48699,0.01267,0.01277,0.00090,0.49543,0.01100,0.01297,0.00090,0.53198,0.02078,0.02178,0.00083,0.58472,0.00458,0.00433,0.00093,0.33432,0.00687,0.00653,0.00093,0.48699
003,eval_signal_neg_20_low,1.04000,0.00500,0.05787,0.05787,0.00107,0.87787,0.00000,0.00000,0.00057,0.64060,0.05973,0.05973,0.00103,0.86930,0.00000,0.00000,0.00093,0.66721,0.02167,0.02050,0.00090,0.54358,0.02167,0.02119,0.00090,0.64446,0.00000,0.00000,0.00083,0.32115,0.05008,0.05947,0.00093,0.87086,0.00000,0.00000,0.00093,0.66721
003,eval_signal_neg_16_low,1.08000,0.00500,1.02082,1.02082,0.00107,0.98527,0.00000,0.00000,0.00057,0.65284,1.07667,1.07667,0.00103,0.98459,0.00000,0.00000,0.00093,0.65261,0.04067,0.03683,0.00090,0.57696,0.04033,0.03921,0.00090,0.66309,0.00000,0.00000,0.00083,0.52163,1.07952,1.43443,0.00093,0.98442,0.00000,0.00000,0.00093,0.65261
003,eval_signal_neg_8_low,1.16000,0.00500,0.62921,0.62921,0.00107,0.98108,0.00000,0.00000,0.00057,0.35989,0.88224,0.88224,0.00103,0.98185,0.00000,0.00000,0.00093,0.42417,0.06033,0.05674,0.00090,0.57023,0.04100,0.03953,0.00090,0.57705,0.00000,0.00000,0.00083,0.20687,1.05399,1.42952,0.00093,0.98144,0.00000,0.00000,0.00093,0.42417
003,eval_signal_zero_low,1.24000,0.00500,0.26669,0.26669,0.00107,0.97482,0.00000,0.00000,0.00057,0.16753,0.44952,0.44952,0.00103,0.97802,0.00000,0.00000,0.00093,0.22645,0.33100,0.34368,0.00090,0.63575,0.13933,0.15116,0.00090,0.54866,0.00000,0.00000,0.00083,0.02170,0.34042,0.49104,0.00093,0.97605,0.00000,0.00000,0.00093,0.22645
