stem,z_m,m_chi_GeV,dom_42,labelflip_rate_pct,mean_raw,mean_L,mean_S,mean_occ,mean_comb,std_raw,std_L,std_S,std_occ,std_comb,relstd_raw_pct,relstd_L_pct,relstd_S_pct,relstd_occ_pct,relstd_comb_pct,sic42_raw,sic42_L,sic42_S,sic42_occ,sic42_comb
eval_signal_neg_91_5GeV,0.33,5.0,S,85.0,28.857289440455464,0.04172638441775322,28.698189748039862,0.023749143343553922,35.952492653309434,2.4361075636047023,0.009363997086251526,2.748744987822168,0.006945371872501053,13.703369097080182,8.441914021867511,22.4414293663734,9.578112807655097,29.244725891918076,38.11521284274231,26.67463711269096,0.03921224298608791,27.044840845433697,0.019052558883257648,26.099614759344764
eval_signal_neg_58_5GeV,0.66,5.0,S,75.0,22.23166094496106,0.03174524480635779,21.851878662958846,0.008636052124928698,20.689851269313134,1.886701497847063,0.009560708413092076,2.0929855912111623,0.0025255897718185656,9.93091670226617,8.486552140741852,30.116978058954203,9.578057902906927,29.244725891918094,47.99897579252081,21.108171672216184,0.028144271175498576,21.2452737119759,0.0069282032302755096,17.02729127829386
eval_signal_neg_24_5GeV,1.0,5.0,S,55.00000000000001,0.05195954701161089,0.036807997098071324,0.05622894619358143,0.017272104249857395,0.040951193713204305,0.009787946664252067,0.010457771955186886,0.01166906259413637,0.005051179543637131,0.02607172574770918,18.8376289386527,28.41168436120871,20.752767718539246,29.244725891918094,63.66536206563036,0.0661362230551458,0.034785054261852175,0.07466052202059062,0.013856406460551019,0.03891768501461195
eval_signal_neg_20_5GeV,1.04,5.0,S,50.0,0.7100772493835402,0.0009671735431251794,0.7474549763925135,0.0,0.2653591144154437,0.15932626804993125,0.00015555389414378726,0.19420658506011937,0.0,0.30307654036659315,22.437878158785082,16.083348769151993,25.982379032036174,0.0,114.21372920777064,0.9347865230896303,0.0009486832980505139,1.0496025054061364,0.0,0.07622720122696722
eval_signal_neg_16_5GeV,1.08,5.0,raw,25.0,12.46607178088183,0.12116910489289723,11.640824326780244,0.05505483229642044,4.237640655757775,2.8559110849016536,0.018179857321368113,3.145068160173575,0.01610063479534335,4.981557791152266,22.909470883053356,15.003706875145689,27.017572569480354,29.244725891918083,117.55498391265702,16.356161571216823,0.11668804566021321,16.297458700569674,0.04416729559300637,0.9465681570082891
eval_signal_neg_8_5GeV,1.16,5.0,raw,80.0,10.25852953700776,10.996162505842683,7.432226445753024,10.310366730649244,10.813743466510129,2.2983418543218064,1.77555667029022,2.2644120675539403,3.0152384888298887,7.401383637033366,22.404203702202274,16.14705738794601,30.46747948386162,29.244725891918094,68.44423173117849,13.395647030845504,10.425396990043113,11.099842025902893,8.271408631545173,10.874115807099303
eval_signal_zero_5GeV,1.24,5.0,occ,5.0,7.710148903046056,23.852996803125095,4.158790472601294,49.12294399311004,21.18490988155733,1.9109699337495696,4.0173702904812965,1.4058114279057725,14.365870320825476,16.326667182264536,24.78512357906085,16.842203617597274,33.80337233066824,29.244725891918094,77.0674374993581,10.434213931820642,22.49454590784175,6.424849005380242,39.40848599921088,25.008954677654273
eval_signal_neg_91_0.5GeV,0.33,0.5,S,50.0,0.05119429925121425,0.026261409170592005,0.05504902648925279,0.011874571671776961,0.034235758378273154,0.013301305239066108,0.006591180771555385,0.015718550723289832,0.0034726859362505264,0.023301165442395303,25.982004702897893,25.09835145836845,28.553730602953642,29.244725891918076,68.06090049164149,0.07348469228349533,0.02434953798329652,0.08150440320581143,0.009526279441628824,0.03119847476377983
eval_signal_neg_58_0.5GeV,0.66,0.5,comb,80.0,0.014002649667447364,0.026066193803878833,0.014812043612916576,0.008636052124928698,0.018379996036480304,0.0021711995290413064,0.007357648643702364,0.0029011262238400133,0.0025255897718185656,0.010840521627621618,15.505633437997087,28.226785617651217,19.58626574195433,29.244725891918094,58.9799998112379,0.017146428199482245,0.02434953798329652,0.020220558047243292,0.0069282032302755096,0.0250874333152044
eval_signal_neg_24_0.5GeV,1.0,0.5,L,25.0,0.00854495669548563,0.024615216466079726,0.008336276220274517,0.010795065156160874,0.014283682612793527,0.0009974311725787024,0.009161224008927726,0.0010945701004155808,0.0031569872147732066,0.0077634578547320955,11.6727469561742,37.21772677299865,13.130204320167502,29.244725891918087,54.35193475790736,0.009185586535436916,0.02308462691922917,0.009643650760992956,0.008660254037844387,0.01897639186662897
eval_signal_neg_20_0.5GeV,1.04,0.5,S,55.00000000000001,0.047447598417918915,0.0019580091478671466,0.04912514194040819,0.0010795065156160872,0.021444744198019013,0.011703212968150531,0.000306240161855303,0.012814581983974133,0.0003156987214773207,0.01566906449876386,24.66555391290517,15.640384631955856,26.08558770073175,29.244725891918094,73.06715507574724,0.06521766440160211,0.0018973665961010279,0.0699942393943037,0.0008660254037844387,0.014151885459858893
eval_signal_neg_16_0.5GeV,1.08,0.5,raw,25.0,0.9133681291902802,0.14182918281334975,0.841865074980368,0.06261137790573305,0.4054355616605999,0.2899942683711976,0.02169539003210198,0.28472567315985403,0.018310525845684596,0.34728371062267316,31.74998766688778,15.296844839509212,33.820820179111685,29.244725891918087,85.6569436583841,1.3992710155648902,0.13534548385520664,1.3609990993336831,0.05022947341949744,0.24862289682888464
eval_signal_neg_8_0.5GeV,1.16,0.5,comb,55.00000000000001,1.002555269414125,11.239060701922506,0.5947785798504934,10.578084346522038,9.390197885576296,0.38432040592178807,1.8140944008935727,0.22242999162214705,3.0935317717562643,7.378726322368632,38.33408667298491,16.140978761537088,37.39710863125874,29.244725891918083,78.57902902879862,1.6723891218852147,10.654662120405321,1.0125833299042604,8.486182931683713,10.895022001528638
eval_signal_zero_0.5GeV,1.24,0.5,occ,5.0,0.5992345232705265,23.791352378213002,0.308221577898708,49.4284443370294,20.556491352538547,0.2172287651546663,4.002693254487379,0.10192538510786368,14.455213059003562,16.589636225002945,36.251043075600236,16.824151863484886,33.06886746954484,29.2447258919181,80.70266438223793,0.9485649028927856,22.44173587091694,0.4943148728779938,39.65357118848188,24.98418887809952
eval_signal_neg_91_0.05GeV,0.33,0.05,L,20.0,0.004780166483650102,0.025014117314933627,0.004756822112578786,0.009715558640544785,0.01491828512706699,0.000502431687172099,0.0077536449248751145,0.000540369157364112,0.002841288493295886,0.008790199788340858,10.510757081172738,30.99707588021156,11.359877341958562,29.244725891918087,58.92232058490663,0.004898979485566356,0.021819715855161816,0.004977368134706042,0.007794228634059948,0.020906194429337
eval_signal_neg_58_0.05GeV,0.66,0.05,L,15.0,0.006038595739830088,0.03291129645772249,0.0058643893112178755,0.010795065156160874,0.0179493662362483,0.0009022278854878777,0.009081196704559504,0.0009921649942259763,0.0031569872147732066,0.011634816654008479,14.941021461941157,27.592947352363083,16.918470817209958,29.244725891918087,64.82020869635082,0.006429910574805842,0.031306548835666956,0.00653279567680168,0.008660254037844387,0.026373968357009753
eval_signal_neg_24_0.05GeV,1.0,0.05,L,15.0,0.00533844624514765,0.029916347494170974,0.005294327885046956,0.008636052124928698,0.016240640048720903,0.0005703004580690701,0.00815107151642031,0.0006037255448501564,0.0025255897718185656,0.010932741721235087,10.682892210208944,27.246212185523312,11.403251894452735,29.244725891918094,67.31718508899615,0.005205165703414253,0.028144271175498576,0.00528845364312517,0.0069282032302755096,0.026052334596558414
eval_signal_neg_20_0.05GeV,1.04,0.05,S,35.0,0.04773909932070369,0.0023531976399671396,0.04907875114894477,0.0021590130312321744,0.021813297918136722,0.009941912522294706,0.00040559052023311494,0.010756590158480978,0.0006313974429546414,0.01531094619432275,20.825513392086677,17.235718468542178,21.917000548438473,29.244725891918094,70.19088196467726,0.06215580222312314,0.0022135943621178654,0.06688338431011244,0.0017320508075688774,0.017046589303920938
eval_signal_neg_16_0.05GeV,1.08,0.05,raw,35.0,0.7993071606804342,0.15288767469521386,0.7395439473367735,0.07232693654627784,0.3847713471632691,0.26061791541193113,0.023376078998390268,0.25523136647828126,0.021151814338980484,0.3106414471303789,32.60547737243744,15.289707980052139,34.51199450653525,29.244725891918094,80.73403838944513,1.2339304579270258,0.14609722789977914,1.197057036396803,0.05802370205355739,0.25891517716332746
eval_signal_neg_8_0.05GeV,1.16,0.05,comb,55.00000000000001,0.8809079258129116,11.192086936689218,0.5359492783920209,10.374057615070601,9.346899315150797,0.3194630146236023,1.8062210129631366,0.1906920977881723,3.033864713397052,7.360344641102976,36.265199263452914,16.13837547171022,35.5802508700628,29.244725891918087,78.7463777337611,1.4320329408746153,10.611022688694998,0.8847271859439989,8.322504130368456,10.84034426225191
eval_signal_zero_0.05GeV,1.24,0.05,occ,5.0,0.5026566009271192,23.803109802580053,0.2696954159770038,49.66269725091808,20.581274660896085,0.17682157893113756,4.010093591600744,0.08230430419277353,14.523719681564135,16.627289640831712,35.17741110034187,16.846931450805997,30.517502084570612,29.244725891918094,80.78843470479093,0.8000645872365555,22.448060426237276,0.4180989233153075,39.8414987011031,24.98676194818313
eval_signal_neg_91_low,0.33,0.005,L,20.0,0.005298535468186271,0.02800080081405267,0.005136192450363609,0.011874571671776961,0.016102161689569985,0.000859910889734662,0.00828100777184641,0.0009268636000379002,0.0034726859362505264,0.009761447722881358,16.22921833585491,29.574181920148686,18.045733468812767,29.244725891918076,60.62197058426161,0.006123724356957945,0.02529822128134704,0.005910624659963425,0.009526279441628824,0.02283599699204503
eval_signal_neg_58_low,0.66,0.005,L,15.0,0.006247644360811538,0.02812426737324174,0.006152440342571064,0.003238519546848261,0.01439029037290419,0.0007602992783694424,0.008636454347795634,0.0008064111833179555,0.0009470961644319619,0.010066929805662051,12.169375119019792,30.708193152837865,13.107175988982636,29.244725891918094,69.95640494244165,0.006736096792653739,0.02529822128134704,0.006843881185220808,0.002598076211353316,0.023800898273399044
eval_signal_neg_24_low,1.0,0.005,L,20.0,0.008510599875957148,0.02698594021483432,0.008315603797829535,0.012954078187393045,0.01678572986515212,0.0013087497321093208,0.007924054559627152,0.0014024084482701,0.0037883846577278476,0.009272097070229812,15.377878776872139,29.363640831277227,16.864781949281234,29.244725891918094,55.23797383084948,0.008573214099741122,0.02466576574931336,0.008710394235735571,0.010392304845413263,0.02315763075249637
eval_signal_neg_20_low,1.04,0.005,S,40.0,0.046232896597861076,0.002311857908820688,0.04718839069119217,0.0,0.02191700350858155,0.007974827102056402,0.00035966069047523253,0.008964647921286806,0.0,0.01605630313462694,17.249248238591544,15.557214355734372,18.997570779543622,0.0,73.25957277115977,0.05786919517325258,0.0022135943621178654,0.06315035820908291,0.0,0.017368223064372277
eval_signal_neg_16_low,1.08,0.005,raw,30.0,0.8031679068959804,0.13732646303060703,0.7480263163410866,0.047498286687107844,0.3839354591012353,0.2509470829100496,0.021079862006259695,0.2431414503476941,0.013890743745002106,0.31362086469415357,31.244660145833013,15.350181997741732,32.50439791169405,29.244725891918076,81.68582954757994,1.2226015678666535,0.13123452289698775,1.1905242407200014,0.038105117766515297,0.2492661643497873
eval_signal_neg_8_low,1.16,0.005,comb,55.00000000000001,0.8824868447496611,11.231348233769262,0.5329152555656846,10.57160730742834,9.387904029975099,0.33371700296146395,1.817020196481113,0.19227060607955243,3.0916375794274003,7.3894729009406594,37.815521551047134,16.178112891361373,36.07902083333286,29.244725891918083,78.71270176331639,1.4678567283628194,10.64580774295685,0.8931264946713153,8.480986779261007,10.883764819912843
eval_signal_zero_low,1.24,0.005,occ,5.0,0.5167443064984745,23.822722586818696,0.28076916263743384,49.360435426545585,20.593012525860903,0.17936463335908268,4.011992616487574,0.08560582687549328,14.435324039550483,16.63110046224772,34.71051951679553,16.841033185297814,30.48975395707498,29.244725891918083,80.76089130408785,0.813536780821863,22.47051259762447,0.42992017263523435,39.59901158804345,25.018282056707363
